chunk,token,forward_kl,top1_agree,nll_clean,nll_erased
0,0,2.6543874740600586,0,11.386959075927734,13.047582626342773
0,1,1.0005818605422974,1,14.029440879821777,12.87923526763916
0,2,8.221745491027832,0,0.7451494336128235,7.078982830047607
0,3,10.27890396118164,0,0.17182475328445435,11.24231243133545
0,4,8.202153205871582,0,0.0069904993288218975,8.231857299804688
0,5,1.3680830001831055,1,6.517704486846924,4.618081092834473
0,6,2.807894468307495,0,9.549744606018066,6.415042877197266
0,7,1.8794115781784058,1,14.886305809020996,19.38355827331543
0,8,0.9659985899925232,0,19.318710327148438,18.971088409423828
0,9,6.3164777755737305,0,5.000478744506836,16.47092056274414
0,10,4.206191062927246,0,0.6240391731262207,5.195298194885254
0,11,2.5944764614105225,0,0.008370672352612019,2.6305131912231445
0,12,0.08434119820594788,1,0.0011373248416930437,0.08802081644535065
0,13,2.945007085800171,0,7.427384853363037,7.493651390075684
0,14,3.984591245651245,0,3.198728561401367,8.513949394226074
0,15,0.8658568263053894,1,0.19001775979995728,0.5513937473297119
0,16,4.17031192779541,0,0.1064349114894867,4.303885459899902
0,17,7.209483623504639,0,0.26628631353378296,8.22436809539795
0,18,7.953771591186523,0,0.07627008855342865,8.556724548339844
0,19,2.913083791732788,0,0.0027399638202041388,2.9241068363189697
0,20,4.236443519592285,0,0.7693837881088257,7.193629264831543
0,21,7.893764019012451,0,0.4585658311843872,10.268558502197266
0,22,3.63439679145813,0,0.03876929730176926,3.7628188133239746
0,23,0.4433433711528778,1,0.00125698687043041,0.44715580344200134
0,24,2.54992413520813,0,1.7391183376312256,5.2221832275390625
0,25,4.416760444641113,0,0.035381194204092026,4.6573486328125
0,26,7.302855014801025,0,0.08075488358736038,7.639420032501221
0,27,5.835894584655762,0,0.8384442329406738,6.962736129760742
0,28,5.80426549911499,0,0.020027093589305878,5.948322296142578
0,29,8.29865550994873,0,6.7848968505859375,9.62015151977539
0,30,5.049837589263916,0,0.0004245333548169583,5.052628993988037
0,31,6.065831184387207,0,0.0033864788711071014,6.087836742401123
0,32,0.4380326569080353,1,0.0048123253509402275,0.4626530110836029
0,33,7.2109527587890625,0,2.0419492721557617,7.97283935546875
0,34,3.3554623126983643,0,0.011205479502677917,3.376890182495117
0,35,7.28667688369751,0,3.366807222366333,10.248458862304688
0,36,13.4617919921875,0,0.037158407270908356,13.868431091308594
0,37,3.3796184062957764,0,0.3388291895389557,4.4646148681640625
0,38,2.845449924468994,0,3.096259117126465,7.368386268615723
0,39,5.036457061767578,0,5.259552001953125,10.588980674743652
0,40,11.728348731994629,0,0.02485760860145092,12.012887954711914
0,41,4.671644687652588,0,0.40179571509361267,6.180334568023682
0,42,6.918288230895996,0,5.767780780792236,12.293818473815918
0,43,0.6294054388999939,1,0.0012284121476113796,0.6356033682823181
0,44,0.9368864297866821,1,0.005215846933424473,0.9385668635368347
0,45,8.075262069702148,0,0.8819068670272827,9.644752502441406
0,46,1.7739739418029785,1,0.04640115052461624,1.9188263416290283
0,47,3.684551239013672,0,0.11565673351287842,4.141646385192871
0,48,2.5771050453186035,1,1.8907063007354736,7.257504463195801
0,49,1.9432282447814941,1,0.5248875617980957,1.709968090057373
0,50,1.8514351844787598,0,2.840770721435547,8.826510429382324
0,51,8.62834644317627,0,0.0012288884026929736,8.638442993164062
0,52,5.452456951141357,0,0.017637552693486214,5.554512977600098
0,53,3.1888272762298584,1,0.2656293511390686,1.9737862348556519
0,54,6.543824195861816,0,0.2795039713382721,7.624659538269043
0,55,7.938924789428711,0,0.022094642743468285,8.14472770690918
0,56,11.295437812805176,0,0.011218564584851265,11.377685546875
0,57,3.534449815750122,0,1.0793297290802002,4.8895111083984375
0,58,9.605355262756348,0,6.069533824920654,9.656031608581543
0,59,2.3998374938964844,1,0.02930319495499134,2.418039560317993
0,60,9.908297538757324,0,0.047539230436086655,10.366462707519531
0,61,5.444876194000244,0,0.0015501875896006823,5.455967426300049
0,62,3.3953497409820557,0,1.219273567199707,4.7889404296875
0,63,2.8621039390563965,0,1.3878754377365112,5.642928600311279
0,64,2.0923538208007812,1,5.623391151428223,5.477629661560059
0,65,6.599242210388184,0,1.109587550163269,7.314384460449219
0,66,8.134773254394531,0,0.6120043992996216,7.962933540344238
0,67,5.9342851638793945,0,0.4413764476776123,6.394643306732178
0,68,10.58823299407959,0,0.44454342126846313,12.60837459564209
0,69,1.3238204717636108,1,0.0037797691766172647,1.3344700336456299
0,70,5.424225330352783,0,4.017585754394531,8.084440231323242
0,71,6.942316055297852,0,0.27863290905952454,7.1162519454956055
0,72,4.818941116333008,0,0.7412932515144348,6.283055305480957
0,73,7.051229000091553,0,0.46919357776641846,9.048309326171875
0,74,4.900418758392334,0,0.10413006693124771,4.843039512634277
0,75,7.119213104248047,0,0.07065737992525101,7.238983154296875
0,76,5.754796981811523,0,1.1044535636901855,7.677400588989258
0,77,7.080509185791016,0,0.5243209004402161,6.4850640296936035
0,78,7.774284839630127,0,1.7092328071594238,10.192768096923828
0,79,4.522714138031006,0,0.019737625494599342,4.579970836639404
0,80,6.489754676818848,0,3.493724822998047,5.325298309326172
0,81,6.341543197631836,0,4.767585754394531,11.25263500213623
0,82,5.062674522399902,0,0.05522224307060242,5.357386589050293
0,83,9.388099670410156,0,0.12174922972917557,10.035572052001953
0,84,6.277792930603027,0,0.1268736571073532,6.8937249183654785
0,85,5.877139568328857,0,0.07677662372589111,6.048856735229492
0,86,3.1255698204040527,0,1.256889820098877,3.6274306774139404
0,87,5.370847225189209,0,2.259570598602295,5.1165618896484375
0,88,5.615406036376953,0,6.701845645904541,10.537429809570312
0,89,4.480738639831543,0,0.6789790391921997,4.495689392089844
0,90,4.555612564086914,0,5.397272109985352,7.887075424194336
0,91,5.123966217041016,0,2.330937147140503,7.148621559143066
0,92,3.2445249557495117,0,0.00022003613412380219,3.2464935779571533
0,93,8.631880760192871,0,3.8106884956359863,10.417373657226562
0,94,4.291372299194336,0,0.5327481031417847,5.811058044433594
0,95,4.480702877044678,0,3.7512989044189453,8.570674896240234
0,96,3.455061674118042,1,7.122662544250488,9.302539825439453
0,97,6.7057037353515625,0,0.6335849761962891,9.093034744262695
0,98,4.343081474304199,0,0.5823407769203186,4.6586809158325195
0,99,6.314083576202393,0,2.058732509613037,8.724923133850098
0,100,1.0081621408462524,1,2.0177085399627686,2.538290023803711
0,101,8.260771751403809,0,0.15638647973537445,8.871070861816406
0,102,13.777522087097168,0,2.7786777019500732,17.5394229888916
0,103,3.306530714035034,0,1.005506992340088,5.0046586990356445
0,104,5.162771701812744,0,8.332483291625977,10.319496154785156
0,105,11.035348892211914,0,1.1712043285369873,13.048209190368652
0,106,7.436063289642334,0,7.4722089767456055,7.8387451171875
0,107,9.902594566345215,0,4.393013000488281,13.853169441223145
0,108,10.133953094482422,0,0.09731415659189224,10.289406776428223
0,109,8.088594436645508,0,0.31380757689476013,9.933809280395508
0,110,6.8465986251831055,0,0.08488735556602478,7.011651992797852
0,111,8.451070785522461,0,1.5604450702667236,8.194706916809082
0,112,11.739568710327148,0,0.20171424746513367,12.897175788879395
0,113,4.27626371383667,0,0.06421598792076111,4.5937910079956055
0,114,3.865112781524658,0,5.39825963973999,9.830464363098145
0,115,6.853186130523682,0,2.0309977531433105,10.855232238769531
0,116,6.426637172698975,0,0.8032416701316833,8.985048294067383
0,117,6.583133220672607,0,0.9067617654800415,7.857614994049072
0,118,4.095985412597656,0,1.1602202653884888,1.76063871383667
0,119,7.460095405578613,0,2.148560047149658,8.836519241333008
0,120,4.378326416015625,0,0.43752336502075195,5.502022743225098
0,121,3.910794258117676,0,5.307277202606201,14.762166976928711
0,122,7.515097618103027,0,1.7642700672149658,15.60786247253418
0,123,6.750190734863281,0,0.5688875913619995,8.893169403076172
0,124,8.61434268951416,0,2.7794570922851562,3.4846887588500977
0,125,8.417336463928223,0,0.5782774686813354,11.70402717590332
0,126,4.157193183898926,0,0.5380624532699585,6.164985179901123
0,127,2.783874034881592,0,0.019217845052480698,2.780700206756592
0,128,7.322835445404053,0,1.060288429260254,8.192619323730469
0,129,4.081412315368652,0,1.2008358240127563,5.213183403015137
0,130,5.227499008178711,0,2.110015869140625,8.750015258789062
0,131,3.950441837310791,0,0.0006329201860353351,3.954035520553589
0,132,3.0953691005706787,1,1.2199673652648926,2.807713747024536
0,133,9.222270011901855,0,0.0005859803641214967,9.22878646850586
0,134,7.749971389770508,0,0.8504152297973633,9.447663307189941
0,135,7.015883922576904,0,0.09678719937801361,7.622180938720703
0,136,5.05698299407959,0,7.033323527139146e-06,5.057076454162598
0,137,2.8579652309417725,0,2.0523123741149902,5.866598606109619
0,138,5.989809989929199,0,1.4708890914916992,8.828329086303711
0,139,6.015738487243652,0,7.819823804311454e-05,6.0167059898376465
0,140,4.901301860809326,0,0.017490433529019356,5.008068084716797
0,141,10.827740669250488,0,0.10933306068181992,11.588163375854492
0,142,5.485857009887695,0,0.16986463963985443,6.004034996032715
0,143,3.948697328567505,0,6.307192802429199,11.99020004272461
0,144,4.4709248542785645,0,0.0011551857460290194,4.4777374267578125
0,145,6.781763076782227,0,0.007601857651025057,6.838545799255371
0,146,8.299318313598633,0,0.0020642417948693037,8.322494506835938
0,147,0.7206185460090637,1,5.6503606174374e-05,0.7210949659347534
0,148,3.311081886291504,0,0.5605008006095886,3.870037794113159
0,149,2.795726776123047,1,1.3573119640350342,1.4662244319915771
0,150,6.345327377319336,0,3.492601156234741,7.018880844116211
0,151,6.232482433319092,0,4.620728015899658,10.369155883789062
0,152,10.933122634887695,0,8.940656698541716e-06,10.933259963989258
0,153,7.692117691040039,0,0.26440465450286865,8.995420455932617
0,154,6.056446075439453,0,0.8080564737319946,5.847352027893066
0,155,2.666560173034668,0,0.5240604877471924,3.5343573093414307
0,156,3.6366069316864014,0,1.0026968717575073,6.014595985412598
0,157,3.311347484588623,0,3.9016244411468506,7.028918266296387
0,158,17.425689697265625,0,2.1992058753967285,19.34634017944336
0,159,4.6650285720825195,0,3.2937662601470947,9.589996337890625
0,160,9.683012962341309,0,0.22505269944667816,10.654762268066406
0,161,3.333815813064575,0,0.0002926159941125661,3.335697650909424
0,162,12.856706619262695,0,0.14645303785800934,13.39013671875
0,163,3.0567779541015625,0,1.3439058065414429,5.1063432693481445
0,164,6.889900207519531,0,8.802066802978516,12.985321044921875
0,165,5.909761905670166,0,3.3023593425750732,12.569109916687012
0,166,3.0542731285095215,1,0.12923452258110046,2.812948226928711
0,167,14.095842361450195,0,1.981477975845337,17.124208450317383
0,168,5.722642421722412,0,0.026823872700333595,5.823075294494629
0,169,6.139631271362305,0,5.960462772236497e-07,6.139639854431152
0,170,4.471452713012695,0,0.6004500389099121,5.960932731628418
0,171,3.081960678100586,0,6.1925201416015625,9.857318878173828
0,172,0.2822810113430023,1,14.036253929138184,12.767621040344238
0,173,4.058037281036377,0,20.797161102294922,12.766487121582031
0,174,1.7434344291687012,0,4.671478271484375,5.00287389755249
0,175,5.109261512756348,0,7.150903224945068,11.507284164428711
0,176,3.0651743412017822,0,0.2886851131916046,3.882296085357666
0,177,7.643165588378906,0,0.3075544834136963,9.066831588745117
0,178,6.543094635009766,0,0.8015169501304626,10.619176864624023
0,179,2.9307467937469482,1,14.131977081298828,14.502355575561523
0,180,2.3819873332977295,0,19.170013427734375,19.714561462402344
0,181,5.621156692504883,0,6.635660171508789,15.329264640808105
0,182,6.0153632164001465,0,0.4153304398059845,7.326294898986816
0,183,9.595697402954102,0,0.08569738268852234,9.996315956115723
0,184,2.825673818588257,0,0.005873800255358219,2.844050645828247
0,185,2.698435068130493,0,1.3480547666549683,3.0065255165100098
0,186,2.3193929195404053,1,0.11079558730125427,2.636578321456909
0,187,3.645082950592041,0,3.5757956504821777,4.602302551269531
0,188,5.063754081726074,0,4.585912227630615,7.2333855628967285
0,189,16.111602783203125,0,0.008630003780126572,16.19025993347168
0,190,9.014098167419434,0,0.002337344689294696,9.030664443969727
0,191,3.8890349864959717,0,6.763450622558594,9.91932201385498
0,192,4.977668285369873,0,4.278860092163086,7.370099067687988
0,193,3.3875129222869873,1,0.826838493347168,2.8993380069732666
0,194,5.958757400512695,0,2.5140018463134766,8.537928581237793
0,195,9.688498497009277,0,0.2389022707939148,11.524951934814453
0,196,4.7742695808410645,0,2.0868349075317383,8.675451278686523
0,197,3.485978364944458,0,0.005351859610527754,3.5004348754882812
0,198,7.204268455505371,0,3.625181198120117,13.066241264343262
0,199,12.397286415100098,0,1.9784818887710571,11.10368537902832
0,200,8.033147811889648,0,0.0048712859861552715,8.065502166748047
0,201,4.689970970153809,0,0.004745530430227518,4.702157020568848
0,202,3.6920244693756104,0,0.5586928129196167,4.170079708099365
0,203,9.882832527160645,0,0.4909495413303375,12.90472412109375
0,204,7.220954418182373,0,0.07957001030445099,7.432619094848633
0,205,9.083303451538086,0,0.11509950459003448,9.472089767456055
0,206,6.580816268920898,0,0.7583227753639221,8.503812789916992
0,207,9.309995651245117,0,3.9116289615631104,16.779705047607422
0,208,7.342800140380859,0,0.37755295634269714,8.898836135864258
0,209,3.5182220935821533,0,0.0036206187214702368,3.536349058151245
0,210,5.042600154876709,0,2.2505621910095215,9.920356750488281
0,211,10.448081970214844,0,9.789559364318848,7.396515846252441
0,212,6.122412204742432,0,0.5611484050750732,7.506877899169922
0,213,10.807565689086914,0,0.7019583582878113,12.2344331741333
0,214,6.003983020782471,0,0.06628428399562836,6.183177947998047
0,215,9.859169006347656,0,0.12242564558982849,10.597867965698242
0,216,10.112227439880371,0,0.3175552189350128,10.962918281555176
0,217,6.366591930389404,0,0.02167057804763317,6.5373334884643555
0,218,9.534156799316406,0,0.30611443519592285,10.712913513183594
0,219,8.013051986694336,0,0.7136307954788208,7.652799606323242
0,220,3.2511401176452637,0,2.094632387161255,6.870682239532471
0,221,4.113044261932373,0,2.900629997253418,8.97415542602539
0,222,1.7908750772476196,0,1.6977174282073975,2.5221452713012695
0,223,6.475848197937012,0,7.6108317375183105,11.384509086608887
0,224,6.172391891479492,0,0.6934060454368591,8.211508750915527
0,225,3.360302686691284,0,1.6019184589385986,7.851576328277588
0,226,2.444190502166748,1,1.0962748527526855,1.9290693998336792
0,227,6.557562351226807,0,3.792910575866699,11.573917388916016
0,228,6.153662204742432,0,0.00021514961554203182,6.155659198760986
0,229,10.09155559539795,0,0.39245957136154175,11.329022407531738
0,230,2.983952522277832,0,1.0668785572052002,3.011514186859131
0,231,7.736931800842285,0,0.7860549092292786,10.149287223815918
0,232,4.659964561462402,0,11.37756061553955,10.625144958496094
0,233,6.136236667633057,0,0.5937780737876892,8.13546371459961
0,234,9.338397979736328,0,4.379265785217285,13.38001537322998
0,235,6.521345138549805,0,1.6232693195343018,6.332601547241211
0,236,3.418745756149292,0,0.36154621839523315,3.130634307861328
0,237,11.13688850402832,0,0.07151352614164352,11.644277572631836
0,238,4.983728408813477,0,0.37626704573631287,6.401486396789551
0,239,9.790444374084473,0,0.012807847931981087,9.884812355041504
0,240,8.816486358642578,0,0.06956645101308823,9.035762786865234
0,241,11.625029563903809,0,0.05715452507138252,11.928048133850098
0,242,5.580920696258545,0,0.496092826128006,7.672728061676025
0,243,4.159153461456299,0,0.7986287474632263,5.732508659362793
0,244,10.09964656829834,0,0.28847652673721313,12.184446334838867
0,245,6.339719295501709,0,3.0748300552368164,6.74167013168335
0,246,2.1715102195739746,1,17.14323616027832,10.423603057861328
0,247,5.010846138000488,0,0.9471790194511414,7.362050533294678
0,248,8.131901741027832,0,0.13553808629512787,8.86622142791748
0,249,5.576979637145996,0,2.2771527767181396,7.627364158630371
0,250,4.007883548736572,0,0.21044152975082397,4.361878395080566
0,251,5.8433685302734375,0,1.5296860933303833,6.586636543273926
0,252,4.119677543640137,0,2.8418807983398438,4.805202484130859
0,253,6.729761123657227,0,0.0009263038518838584,6.736932277679443
0,254,9.738539695739746,0,0.0012035276740789413,9.751144409179688
0,255,3.369414806365967,0,2.450183629989624,7.618875503540039
0,256,8.851849555969238,0,0.42570751905441284,9.224658012390137
0,257,5.982032299041748,0,0.03659922257065773,6.097607612609863
0,258,8.386039733886719,0,0.3176721930503845,9.395391464233398
0,259,6.835116386413574,0,0.7340155839920044,9.802181243896484
0,260,8.439387321472168,0,0.0014396075857803226,8.452102661132812
0,261,11.64534854888916,0,0.00021979777375236154,11.64796257019043
0,262,7.265522003173828,0,2.038132429122925,8.541220664978027
0,263,6.890427589416504,0,0.041658513247966766,7.028506278991699
0,264,4.467627048492432,0,0.5313183069229126,5.130587577819824
0,265,10.840340614318848,0,0.0861109048128128,11.475709915161133
0,266,11.151505470275879,0,0.0003936707798857242,11.155927658081055
0,267,11.011302947998047,0,0.0043882266618311405,11.053577423095703
0,268,5.747268199920654,0,2.8247504234313965,8.120287895202637
0,269,9.32431697845459,0,0.007536905352026224,9.388324737548828
0,270,8.63943862915039,0,0.9476388692855835,9.228639602661133
0,271,5.167024612426758,0,0.1948145478963852,5.750197887420654
0,272,4.756447792053223,0,4.423093318939209,11.930268287658691
0,273,7.809153079986572,0,1.171250581741333,9.284526824951172
0,274,12.10842514038086,0,2.815579652786255,18.847015380859375
0,275,14.440596580505371,0,0.0020478246733546257,14.449617385864258
0,276,16.00872802734375,0,0.016114704310894012,16.10964584350586
0,277,6.587813854217529,0,0.15312454104423523,7.325499534606934
0,278,3.70717191696167,0,2.3536601066589355,7.979597091674805
0,279,9.2691650390625,0,0.03370801359415054,9.422476768493652
0,280,8.319950103759766,0,1.3693348169326782,7.707269668579102
0,281,2.8229012489318848,1,0.44873863458633423,2.824028730392456
0,282,8.880329132080078,0,1.4776989221572876,6.241281509399414
0,283,8.483938217163086,0,0.6224544644355774,9.666742324829102
0,284,9.903498649597168,0,0.0003262225945945829,9.905683517456055
0,285,4.864957332611084,0,0.003032017033547163,4.876734733581543
0,286,3.749586343765259,0,3.4536309242248535,10.409926414489746
0,287,4.7404465675354,0,4.440975666046143,8.031301498413086
0,288,9.80964469909668,0,0.10477803647518158,9.92503547668457
0,289,8.696500778198242,0,1.033393383026123,10.481050491333008
0,290,5.688382148742676,0,2.636033535003662,7.474368095397949
0,291,7.811069965362549,0,0.024781323969364166,8.013286590576172
0,292,3.6008987426757812,0,0.010171955451369286,3.6262452602386475
0,293,6.761814117431641,0,0.0016001766780391335,6.774021148681641
0,294,6.589681148529053,0,1.6437629461288452,8.067691802978516
0,295,4.961158752441406,0,3.9619669914245605,6.404083728790283
0,296,4.358621597290039,0,0.002727481070905924,4.377933979034424
0,297,10.362631797790527,0,0.002525594551116228,10.391315460205078
0,298,11.38974666595459,0,0.10345739126205444,11.80726432800293
0,299,13.579275131225586,0,3.067495822906494,12.327573776245117
0,300,11.438061714172363,0,0.000248043768806383,11.441048622131348
0,301,12.0123872756958,0,0.0008236353169195354,12.021658897399902
0,302,4.551201343536377,0,5.461079120635986,3.497562885284424
0,303,7.754676818847656,0,2.0209765434265137,8.031709671020508
0,304,7.535908222198486,0,0.005996451713144779,7.535557270050049
0,305,6.481034755706787,0,0.00027164106722921133,6.484646797180176
0,306,6.452705383300781,0,0.45491963624954224,6.277007102966309
0,307,8.816194534301758,0,0.0533265694975853,9.136503219604492
0,308,4.8521013259887695,0,3.1269123554229736,7.974609375
0,309,2.523386001586914,1,6.112946033477783,6.005450248718262
0,310,8.705830574035645,0,1.2440087795257568,11.614033699035645
0,311,7.821229934692383,0,3.9393041133880615,11.86618423461914
0,312,5.606432914733887,0,0.000448841426987201,5.611156463623047
0,313,4.702236175537109,0,0.01907540112733841,4.744716644287109
0,314,9.236516952514648,0,0.0010546842822805047,9.24375057220459
0,315,3.3687288761138916,0,3.686066150665283,4.6387434005737305
0,316,3.6619513034820557,0,4.813995838165283,9.83171272277832
0,317,11.246147155761719,0,0.00582864647731185,11.306472778320312
0,318,7.926188945770264,0,0.0007111880695447326,7.932346820831299
0,319,6.243469715118408,0,1.076926827430725,5.552605628967285
0,320,7.299465179443359,0,0.05989092215895653,7.5532546043396
0,321,8.424125671386719,0,4.790854454040527,12.209954261779785
0,322,9.567455291748047,0,0.17538994550704956,9.395036697387695
0,323,8.036077499389648,0,2.018413782119751,13.422294616699219
0,324,9.197392463684082,0,0.8412202596664429,12.609198570251465
0,325,8.31578254699707,0,4.040414810180664,6.790863990783691
0,326,13.94735050201416,0,3.5065345764160156,7.594785690307617
0,327,7.472142219543457,0,0.1030934602022171,7.809659957885742
0,328,10.629707336425781,0,0.004261341877281666,10.657675743103027
0,329,6.964467525482178,0,0.7685914039611816,8.36664867401123
0,330,15.547374725341797,0,5.24545955657959,17.02884292602539
0,331,9.11562728881836,0,2.740328550338745,11.905888557434082
0,332,7.998147487640381,0,0.061625029891729355,8.361506462097168
0,333,2.9492156505584717,0,2.6210222244262695,8.047313690185547
0,334,1.6141743659973145,1,14.60365104675293,13.038908004760742
0,335,1.9643003940582275,0,21.41895866394043,17.717243194580078
0,336,3.1663405895233154,0,4.716030120849609,7.967694282531738
0,337,4.1910529136657715,0,7.863955497741699,12.007054328918457
0,338,4.967800617218018,0,0.18074381351470947,5.241992473602295
0,339,3.9572670459747314,0,8.46218204498291,9.765358924865723
0,340,5.074835777282715,0,0.6622380018234253,6.574467182159424
0,341,0.4519498944282532,1,7.752508163452148,9.146698951721191
0,342,7.555688858032227,0,0.008556962944567204,7.604672431945801
0,343,3.5960776805877686,0,1.5646405220031738,4.726418495178223
0,344,5.182397365570068,0,6.321328163146973,12.987582206726074
0,345,5.7163615226745605,0,0.05215432867407799,5.9735822677612305
0,346,4.288905143737793,0,1.2925820350646973,4.087909698486328
0,347,4.422608375549316,0,2.75746488571167,8.701522827148438
0,348,6.581510066986084,0,6.750864028930664,9.065521240234375
0,349,8.966512680053711,0,5.049360752105713,13.55392837524414
0,350,15.886011123657227,0,0.14369554817676544,16.15762710571289
0,351,7.243137359619141,0,5.0935869216918945,13.28452205657959
0,352,5.944093227386475,0,0.004559477791190147,5.981625556945801
0,353,6.717999458312988,0,1.7883267402648926,12.639786720275879
0,354,2.165722370147705,0,2.0900344848632812,4.685213565826416
0,355,2.781439781188965,1,2.985854148864746,5.180314064025879
0,356,5.762903213500977,0,5.672208786010742,9.592031478881836
0,357,5.5488433837890625,0,3.8446879386901855,3.160388469696045
0,358,8.380114555358887,0,0.4793638288974762,8.872836112976074
0,359,5.827308654785156,0,2.767371654510498,5.309253215789795
0,360,6.325511932373047,0,2.961256504058838,7.441390037536621
0,361,12.864470481872559,0,0.5464555025100708,17.67597007751465
0,362,5.962474822998047,0,4.1483970562694594e-05,5.962944507598877
0,363,13.39802074432373,0,1.5127829313278198,6.992978096008301
0,364,12.14421558380127,0,2.438943386077881,7.856515884399414
0,365,4.944422245025635,0,0.9869194030761719,5.492063045501709
0,366,9.128681182861328,0,3.431201219558716,11.006828308105469
0,367,2.9226412773132324,0,6.59649658203125,11.35667896270752
0,368,10.060587882995605,0,9.589685440063477,17.699491500854492
0,369,9.0994234085083,0,6.184676170349121,11.97960090637207
0,370,15.578880310058594,0,0.079719178378582,15.97377872467041
0,371,11.989551544189453,0,0.10512653738260269,12.677190780639648
0,372,5.532075881958008,0,3.3290257453918457,13.526969909667969
0,373,3.630831003189087,0,3.481424331665039,6.248241424560547
0,374,5.827820777893066,0,0.03884922340512276,6.030937194824219
0,375,10.082972526550293,0,2.9513468742370605,6.716558456420898
0,376,8.071444511413574,0,0.6868856549263,7.274615287780762
0,377,4.12858247756958,0,0.3264051675796509,5.207191467285156
0,378,4.987197399139404,0,0.5864629149436951,5.454928874969482
0,379,11.044041633605957,0,1.226238489151001,15.56930923461914
0,380,5.373331546783447,0,0.2672356963157654,5.32897424697876
0,381,7.732620716094971,0,0.20572017133235931,8.697629928588867
0,382,5.466806888580322,0,2.754969596862793,7.899584770202637
0,383,4.435532569885254,0,0.1455516517162323,4.97557258605957
0,384,7.698726654052734,0,0.6242228150367737,11.998115539550781
0,385,9.450927734375,0,6.970067501068115,12.98868465423584
0,386,10.717447280883789,0,0.6868770718574524,13.675400733947754
0,387,5.360730171203613,0,8.180985450744629,7.702827453613281
0,388,6.56441593170166,0,2.057880401611328,4.98524808883667
0,389,10.930157661437988,0,0.06095655634999275,11.270692825317383
0,390,5.4197869300842285,0,0.044989436864852905,5.644067764282227
0,391,2.872774124145508,0,0.8556380271911621,2.6001737117767334
0,392,6.063764572143555,0,6.340822696685791,8.916985511779785
0,393,7.803812503814697,0,1.367109775543213,4.462642669677734
0,394,8.55254077911377,0,2.1320393085479736,12.863035202026367
0,395,7.156442165374756,0,5.946390151977539,4.599294185638428
0,396,7.884375095367432,0,0.39501604437828064,9.726932525634766
0,397,5.24473762512207,0,0.46789708733558655,7.179085731506348
0,398,2.5939292907714844,1,7.3128461837768555,9.669511795043945
0,399,5.095455169677734,0,3.6387500762939453,5.231786251068115
0,400,2.8607072830200195,1,0.2193913459777832,3.014768123626709
0,401,8.060425758361816,0,4.434640884399414,10.590925216674805
0,402,8.875783920288086,0,0.19965600967407227,10.407055854797363
0,403,3.8269479274749756,0,0.008399516344070435,3.877694606781006
0,404,3.5257418155670166,0,0.052791960537433624,3.5587801933288574
0,405,9.392032623291016,0,0.07700048387050629,9.587089538574219
0,406,11.53512954711914,0,1.0371154530730564e-05,11.53524398803711
0,407,5.7279953956604,0,0.20330756902694702,6.388886451721191
0,408,3.973240852355957,0,1.0620828866958618,4.780871868133545
0,409,4.122477054595947,0,0.046575482934713364,4.320754528045654
0,410,4.939561367034912,1,0.00017379203927703202,4.941191673278809
0,411,3.399627447128296,0,3.6924304962158203,4.64215087890625
0,412,7.7044854164123535,0,0.0016661108238622546,7.716180324554443
0,413,12.434179306030273,0,0.00248659192584455,12.465901374816895
0,414,5.219393730163574,0,1.0916399955749512,5.598049163818359
0,415,3.870885133743286,0,2.9893417358398438,7.972018241882324
0,416,0.5286523699760437,1,16.0570125579834,14.377795219421387
0,417,1.8401057720184326,0,21.002038955688477,17.588232040405273
0,418,1.908797264099121,0,8.621206283569336,10.990899085998535
0,419,1.1421817541122437,1,4.858468055725098,5.308427333831787
0,420,1.0056332349777222,1,0.23329313099384308,1.5045390129089355
0,421,4.6739420890808105,0,1.4288899898529053,6.337625980377197
0,422,4.229037284851074,0,5.770141124725342,10.09530258178711
0,423,6.352827548980713,0,6.186721324920654,12.470660209655762
0,424,1.7052932977676392,1,8.159134864807129,8.670370101928711
0,425,5.163258075714111,0,3.8353981971740723,8.573528289794922
0,426,3.8029236793518066,0,1.8807713985443115,5.758212089538574
0,427,3.3047754764556885,0,5.59950590133667,10.820174217224121
0,428,2.7361679077148438,0,3.5940427780151367,6.426946640014648
0,429,5.2194294929504395,0,9.976475715637207,12.32093334197998
0,430,4.476626873016357,0,0.007329597137868404,4.539700508117676
0,431,6.7355499267578125,0,4.738128662109375,6.839020252227783
0,432,4.397214412689209,0,0.58771812915802,5.448923110961914
0,433,5.240849494934082,0,1.8385025262832642,10.311836242675781
0,434,7.134720802307129,0,0.3911760151386261,9.397697448730469
0,435,6.73040246963501,0,0.470315545797348,7.717617511749268
0,436,6.5665082931518555,0,2.420747995376587,7.129860877990723
0,437,3.957610845565796,0,7.2053751945495605,6.693099498748779
0,438,4.079892158508301,0,3.87835693359375,10.23757553100586
0,439,3.390885829925537,0,8.236013412475586,6.13576602935791
0,440,5.847464561462402,0,0.018631568178534508,5.96252965927124
0,441,1.8567012548446655,1,7.824864387512207,12.646485328674316
0,442,10.214909553527832,0,0.04777814447879791,10.633933067321777
0,443,5.611045837402344,0,3.5813357830047607,9.109270095825195
0,444,11.662168502807617,0,1.3591656684875488,12.96851921081543
0,445,7.0642409324646,0,3.1461637020111084,11.010358810424805
0,446,12.613788604736328,0,0.8917465209960938,15.684950828552246
0,447,3.917253255844116,0,0.5296957492828369,4.89193868637085
0,448,3.2981932163238525,0,4.1861114501953125,5.864714622497559
0,449,8.204368591308594,0,5.726385593414307,7.213374137878418
0,450,5.5125885009765625,0,0.9522174596786499,9.245332717895508
0,451,8.811356544494629,0,5.734590530395508,8.245264053344727
0,452,5.034269332885742,0,2.4440126419067383,5.607572555541992
0,453,4.822573661804199,0,9.079100608825684,7.172363758087158
0,454,7.370102882385254,0,0.0027291453443467617,7.3988728523254395
0,455,5.126683712005615,0,0.8265326619148254,4.1892242431640625
0,456,6.44510555267334,0,0.6256827116012573,7.510534286499023
0,457,13.120795249938965,0,0.43636175990104675,16.07005500793457
0,458,2.8500702381134033,0,7.650608062744141,11.22212028503418
0,459,10.18228530883789,0,0.017014604061841965,10.331334114074707
0,460,6.986595153808594,0,0.000990496133454144,6.994940280914307
0,461,2.3499133586883545,0,0.00018821375851985067,2.351976156234741
0,462,2.902998924255371,0,0.18812896311283112,3.1779441833496094
0,463,11.934858322143555,0,2.5168073177337646,15.616068840026855
0,464,5.241474151611328,0,0.023538094013929367,5.355624675750732
0,465,4.225982666015625,0,2.161155939102173,6.054672718048096
0,466,12.573752403259277,0,0.12853670120239258,13.751032829284668
0,467,2.796360731124878,1,6.764690399169922,7.859360694885254
0,468,4.679222106933594,0,1.4707626104354858,7.2807512283325195
0,469,3.947235345840454,0,2.9226064682006836,7.284040927886963
0,470,8.721288681030273,0,2.414196014404297,6.797380447387695
0,471,6.972452640533447,0,3.9267189502716064,10.472734451293945
0,472,6.221701145172119,0,0.0674818754196167,6.251485824584961
0,473,9.00269889831543,0,2.2038917541503906,9.755179405212402
0,474,7.970336437225342,0,2.011549472808838,7.344406604766846
0,475,4.77964448928833,0,1.319707989692688,6.586784839630127
0,476,10.688559532165527,0,2.55372953414917,2.6453962326049805
0,477,6.9429755210876465,0,0.2362995445728302,7.352411270141602
0,478,3.901170253753662,0,0.197883740067482,3.8945047855377197
0,479,11.297893524169922,0,0.02259952761232853,11.408586502075195
0,480,6.604832649230957,0,0.6594323515892029,7.730900764465332
0,481,8.825578689575195,0,3.1599299907684326,15.999528884887695
0,482,5.882038593292236,0,0.8192184567451477,3.6404452323913574
0,483,9.621746063232422,0,1.6229944229125977,11.910906791687012
0,484,11.653887748718262,0,0.07565466314554214,12.137580871582031
0,485,4.54952335357666,0,0.5757764577865601,6.511691093444824
0,486,4.12866735458374,0,1.4039180278778076,8.725122451782227
0,487,0.6021170020103455,1,17.14614486694336,12.971878051757812
0,488,1.7338889837265015,0,21.27306365966797,18.274730682373047
0,489,2.1470980644226074,1,8.615802764892578,8.79260540008545
0,490,2.557847261428833,0,4.112321376800537,8.0973539352417
0,491,3.4152438640594482,0,0.11418566852807999,3.709414005279541
0,492,2.734715461730957,1,5.95333194732666,7.441600799560547
0,493,4.69645881652832,0,0.5798874497413635,5.188658714294434
0,494,2.8817827701568604,0,4.028935432434082,8.754487991333008
0,495,7.044416904449463,0,2.323765754699707,15.814126968383789
0,496,9.708723068237305,0,0.02323414944112301,9.86344051361084
0,497,3.023348808288574,0,0.258571594953537,3.5462141036987305
0,498,5.1000823974609375,0,0.5916438102722168,7.321866989135742
0,499,3.9696645736694336,0,2.978508234024048,8.490370750427246
0,500,7.3638200759887695,0,3.96706485748291,12.68294906616211
0,501,4.228686332702637,0,0.0020016650669276714,4.240683078765869
0,502,9.537148475646973,0,4.369263172149658,7.099404811859131
0,503,13.375211715698242,0,0.060808271169662476,14.069059371948242
0,504,10.60560131072998,0,0.004110697191208601,10.638873100280762
0,505,16.137449264526367,0,0.0010726656764745712,16.15019989013672
0,506,9.25678539276123,0,0.010474114678800106,9.326578140258789
0,507,2.103126287460327,0,1.1746883392333984,3.8183467388153076
0,508,4.3142781257629395,0,2.680124521255493,2.572749614715576
0,509,3.853443145751953,0,1.7276772260665894,8.005603790283203
0,510,7.6477837562561035,0,0.267677366733551,8.916141510009766
0,511,6.854079246520996,0,2.396763801574707,5.9936017990112305
1,0,6.892534255981445,0,4.155499458312988,11.310856819152832
1,1,0.21096929907798767,1,9.783170700073242,8.827750205993652
1,2,0.3504731059074402,0,2.209730386734009,2.490588665008545
1,3,0.3554705083370209,1,4.4634552001953125,5.2204413414001465
1,4,0.4517742991447449,1,0.7987635135650635,1.2020500898361206
1,5,0.5428776741027832,1,7.8129777908325195,9.131179809570312
1,6,2.000783681869507,0,6.822371482849121,12.076367378234863
1,7,1.5909955501556396,0,2.2480850219726562,5.106382369995117
1,8,1.7001986503601074,0,3.497772693634033,6.1060662269592285
1,9,1.0118156671524048,1,5.1152238845825195,11.258119583129883
1,10,2.0234127044677734,0,1.144261121749878,2.964618682861328
1,11,3.152804374694824,0,5.950505256652832,7.8201093673706055
1,12,1.7652326822280884,0,0.14642678201198578,2.103825092315674
1,13,2.436119318008423,0,3.1722757816314697,7.066362380981445
1,14,4.083171367645264,0,1.0255413055419922,4.723851680755615
1,15,4.1424360275268555,0,1.1851756572723389,2.5978801250457764
1,16,9.08604907989502,0,0.0610581673681736,9.568286895751953
1,17,2.6686959266662598,0,4.192449569702148,6.604114532470703
1,18,1.820628046989441,0,3.374331474304199,6.098179817199707
1,19,6.260387897491455,0,3.0412492752075195,12.843792915344238
1,20,7.474017143249512,0,0.1183013841509819,8.039543151855469
1,21,0.7226818203926086,1,0.004043736960738897,0.7410144209861755
1,22,9.49708080291748,0,0.0491887666285038,9.850714683532715
1,23,3.2828617095947266,0,1.205583095550537,5.315285682678223
1,24,2.7059216499328613,1,2.1326069831848145,5.3064422607421875
1,25,2.5476388931274414,0,3.121793270111084,7.826052188873291
1,26,5.391082286834717,0,0.569510817527771,7.553373336791992
1,27,3.719128131866455,0,2.6048433780670166,5.487659931182861
1,28,5.410403728485107,0,0.677028238773346,6.572019577026367
1,29,5.64828634262085,0,0.47562646865844727,7.710844039916992
1,30,2.457188606262207,0,0.3278709948062897,2.8289270401000977
1,31,3.143547534942627,1,3.1789700984954834,6.304992198944092
1,32,8.440089225769043,0,0.970325767993927,9.233078956604004
1,33,2.9352619647979736,0,0.0021128966473042965,2.9484241008758545
1,34,7.817517280578613,0,1.5098627805709839,10.374887466430664
1,35,5.114727973937988,0,1.522586464881897,8.403358459472656
1,36,2.2729392051696777,0,9.359432220458984,9.546096801757812
1,37,1.0948635339736938,1,12.905936241149902,13.861449241638184
1,38,2.835700750350952,0,19.487470626831055,15.221529006958008
1,39,1.386753797531128,0,10.171259880065918,9.9364013671875
1,40,1.251079797744751,0,2.8877124786376953,5.501496315002441
1,41,0.11444190889596939,1,0.19278450310230255,0.14965005218982697
1,42,1.3427412509918213,0,1.689687967300415,2.1497578620910645
1,43,1.100974202156067,1,6.097524642944336,5.105998516082764
1,44,4.435527801513672,0,3.870105266571045,3.4480810165405273
1,45,3.8057432174682617,0,7.884904384613037,11.227470397949219
1,46,10.447991371154785,0,0.2607826292514801,11.87089729309082
1,47,2.8657479286193848,0,4.22598123550415,11.276300430297852
1,48,3.9309701919555664,0,4.596316337585449,8.382478713989258
1,49,3.823589563369751,0,1.454017996788025,4.413681983947754
1,50,3.589141368865967,0,1.6314408779144287,4.8007354736328125
1,51,4.495323181152344,0,4.17236852645874,10.779534339904785
1,52,5.839295387268066,0,1.469388723373413,10.193140029907227
1,53,2.8303935527801514,0,0.82197505235672,2.959625005722046
1,54,6.448090553283691,0,5.781089782714844,10.248586654663086
1,55,8.665162086486816,0,0.12826915085315704,9.029754638671875
1,56,1.6480615139007568,0,4.812407493591309,5.0554633140563965
1,57,4.1123456954956055,0,2.0559473037719727,6.024890422821045
1,58,1.7123181819915771,0,0.9497222304344177,2.9525115489959717
1,59,3.6736786365509033,0,3.660116672515869,9.630142211914062
1,60,5.359423637390137,0,0.2046680450439453,5.594325065612793
1,61,2.805356979370117,0,0.613272488117218,4.690559387207031
1,62,2.964902400970459,1,0.014628417789936066,2.984290599822998
1,63,4.598546028137207,0,4.56903076171875,7.371621131896973
1,64,4.029839038848877,0,4.800228118896484,9.083015441894531
1,65,2.483793258666992,0,0.02708124741911888,2.5693109035491943
1,66,3.519594669342041,0,0.30925822257995605,4.622226715087891
1,67,1.3381096124649048,1,5.851374626159668,3.8441858291625977
1,68,0.5161804556846619,1,14.622054100036621,12.171159744262695
1,69,2.8257927894592285,0,21.237241744995117,14.057607650756836
1,70,1.2980778217315674,0,14.395721435546875,12.913995742797852
1,71,2.0745227336883545,0,1.629836916923523,5.808069705963135
1,72,0.7202509045600891,1,0.3064030110836029,1.0164659023284912
1,73,2.456249952316284,0,7.674161911010742,10.65075969696045
1,74,3.870170831680298,0,0.3321705162525177,4.911547660827637
1,75,3.158780813217163,0,3.238180637359619,7.496059417724609
1,76,2.33819580078125,1,0.056237198412418365,2.398841142654419
1,77,6.208965301513672,0,2.705338954925537,12.243610382080078
1,78,14.151187896728516,0,0.0015216212486848235,14.166770935058594
1,79,3.7164406776428223,0,0.3483227491378784,4.685579776763916
1,80,4.536612510681152,0,8.673820495605469,10.912962913513184
1,81,3.727949857711792,0,2.099863052368164,5.032996654510498
1,82,4.921574592590332,0,5.172466278076172,7.705081939697266
1,83,3.3760690689086914,0,18.473134994506836,10.013548851013184
1,84,8.875509262084961,0,0.04043965041637421,9.184383392333984
1,85,2.2399423122406006,1,0.001416156766936183,2.2485222816467285
1,86,14.3287992477417,0,5.864013671875,16.532411575317383
1,87,4.352014541625977,0,0.758799135684967,6.939545154571533
1,88,12.625923156738281,0,0.7532362341880798,14.65830135345459
1,89,5.8301777839660645,0,0.5593269467353821,8.937036514282227
1,90,5.060149192810059,0,0.29262328147888184,4.744553565979004
1,91,7.955079555511475,0,0.029470231384038925,8.274826049804688
1,92,1.5167732238769531,1,0.02163371630012989,1.5346579551696777
1,93,9.550299644470215,0,0.1749846339225769,11.080211639404297
1,94,12.771782875061035,0,0.00044216870446689427,12.779088020324707
1,95,6.380363464355469,0,0.00015746307326480746,6.382292747497559
1,96,5.415247917175293,0,0.08100578188896179,5.624835014343262
1,97,5.651974678039551,0,1.8696038722991943,8.811880111694336
1,98,4.200403690338135,0,1.6380815505981445,3.441650390625
1,99,5.6664323806762695,0,2.257507801055908,8.243584632873535
1,100,8.331952095031738,0,0.015366964973509312,8.465862274169922
1,101,8.21154499053955,0,0.0005276002921164036,8.217824935913086
1,102,6.004896640777588,0,0.00019762947340495884,6.0067338943481445
1,103,15.157212257385254,0,0.2222757190465927,16.3884220123291
1,104,3.2363524436950684,0,0.08209924399852753,3.512240409851074
1,105,7.0564727783203125,0,6.587178707122803,5.5491743087768555
1,106,3.6895010471343994,1,13.59251594543457,15.366743087768555
1,107,2.573017120361328,0,20.545856475830078,14.676284790039062
1,108,1.6957414150238037,0,9.513479232788086,10.414548873901367
1,109,2.6285159587860107,0,1.8582584857940674,5.247982025146484
1,110,5.274590492248535,0,0.22345344722270966,6.134861946105957
1,111,3.7496635913848877,0,0.328351229429245,4.497015953063965
1,112,3.4013376235961914,0,6.233730316162109,13.542256355285645
1,113,4.206282615661621,0,2.1059370040893555,6.031126022338867
1,114,3.457493305206299,0,0.8260233402252197,6.538897514343262
1,115,7.087514877319336,0,0.03322000801563263,7.25175142288208
1,116,7.120376110076904,0,0.6711746454238892,11.794692993164062
1,117,13.63654899597168,0,0.0008716359734535217,13.648067474365234
1,118,2.3389058113098145,0,0.45707058906555176,2.5127997398376465
1,119,6.059638977050781,0,3.7630088329315186,11.19182300567627
1,120,3.7992537021636963,0,2.159571647644043,5.174563407897949
1,121,5.838009834289551,0,2.1790170669555664,7.677578926086426
1,122,3.980360269546509,0,1.1112089157104492,5.175477027893066
1,123,4.866390228271484,0,0.6006531119346619,6.327486991882324
1,124,4.1257004737854,0,0.5894450545310974,6.540687561035156
1,125,4.132782459259033,0,0.005618138704448938,4.168735504150391
1,126,3.4664218425750732,0,0.028940662741661072,3.635464906692505
1,127,1.966315507888794,1,0.02901408262550831,1.9583944082260132
1,128,10.667099952697754,0,0.0822058692574501,11.379741668701172
1,129,16.62302589416504,0,0.0014413930475711823,16.64373016357422
1,130,7.308330059051514,0,0.00018320789968129247,7.310594081878662
1,131,2.9849154949188232,1,0.04904462769627571,3.1499643325805664
1,132,7.718306541442871,0,5.39996337890625,17.39641761779785
1,133,8.193562507629395,0,0.19313441216945648,9.447741508483887
1,134,4.8183369636535645,0,1.9873238801956177,6.395671844482422
1,135,4.503261566162109,0,6.553094387054443,8.474201202392578
1,136,7.586920261383057,0,0.528957188129425,8.806878089904785
1,137,8.387980461120605,0,4.1036505699157715,8.886894226074219
1,138,5.771989345550537,0,0.18847301602363586,6.903331756591797
1,139,1.931428074836731,1,5.3968048095703125,7.7454071044921875
1,140,3.90193772315979,0,15.604037284851074,10.105344772338867
1,141,2.524043321609497,0,20.302810668945312,14.72144889831543
1,142,1.3058369159698486,0,4.254818916320801,5.091278076171875
1,143,5.701547622680664,0,7.767772674560547,7.312648296356201
1,144,3.375237226486206,0,3.88594651222229,3.747645616531372
1,145,2.26580810546875,1,0.7583421468734741,0.33698034286499023
1,146,9.926315307617188,0,0.20575976371765137,10.44749927520752
1,147,3.133761405944824,0,0.5826095342636108,4.958402156829834
1,148,2.1367292404174805,1,13.573429107666016,17.191509246826172
1,149,1.8454413414001465,0,19.55927085876465,17.631961822509766
1,150,2.3616702556610107,0,6.147082328796387,5.691595077514648
1,151,4.866091728210449,0,2.8801307678222656,6.672369003295898
1,152,6.95467472076416,0,3.7551589012145996,13.870752334594727
1,153,4.096913814544678,0,1.4719098806381226,8.708179473876953
1,154,0.8146569132804871,1,0.06383290141820908,0.6832717061042786
1,155,3.9664103984832764,0,5.9562788009643555,13.598504066467285
1,156,12.957910537719727,0,0.6608002781867981,12.855961799621582
1,157,9.002693176269531,0,0.0030347504653036594,9.024514198303223
1,158,4.8296685218811035,0,3.3524787425994873,6.123987197875977
1,159,5.326196670532227,0,0.5011076927185059,6.802822113037109
1,160,7.929949760437012,0,2.6404714584350586,7.231466770172119
1,161,6.9514875411987305,0,2.956690788269043,8.288613319396973
1,162,5.45759391784668,0,0.1748381108045578,6.096369743347168
1,163,5.5667314529418945,0,1.02029550075531,5.8817853927612305
1,164,7.651378631591797,0,1.9085801839828491,9.822562217712402
1,165,9.40221881866455,0,0.005014580674469471,9.4386625289917
1,166,9.487184524536133,0,0.004701512400060892,9.515846252441406
1,167,11.466264724731445,0,0.7765018343925476,10.887239456176758
1,168,1.9856204986572266,0,0.14665473997592926,2.389646530151367
1,169,5.808461666107178,0,11.048288345336914,10.234784126281738
1,170,4.6936211585998535,0,4.381696701049805,9.035773277282715
1,171,6.1411895751953125,0,3.434573173522949,11.036310195922852
1,172,9.069782257080078,0,2.8090317249298096,12.041746139526367
1,173,6.164226531982422,0,0.28625819087028503,6.46111536026001
1,174,10.438667297363281,0,0.0061349645256996155,10.482234954833984
1,175,3.9954211711883545,0,0.6307782530784607,5.195497035980225
1,176,12.348825454711914,0,0.07596883177757263,13.058509826660156
1,177,4.47495174407959,0,9.434535026550293,8.154699325561523
1,178,5.911923885345459,0,0.05293465778231621,5.92124080657959
1,179,9.392278671264648,0,0.023874420672655106,9.517719268798828
1,180,5.0931220054626465,0,2.2934255599975586,6.97301721572876
1,181,11.1359224319458,0,2.2382421493530273,14.671363830566406
1,182,8.374281883239746,0,0.0033056873362511396,8.40077018737793
1,183,4.858582019805908,0,1.80316162109375,9.443431854248047
1,184,1.1444671154022217,1,0.006759041920304298,1.164854884147644
1,185,11.410140991210938,0,0.0011469698511064053,11.423680305480957
1,186,6.523641586303711,0,0.9641727805137634,5.969702243804932
1,187,7.7318034172058105,0,0.18195684254169464,7.383439064025879
1,188,10.727104187011719,0,0.2873550057411194,11.161049842834473
1,189,3.9623355865478516,0,1.660054326057434,5.936659336090088
1,190,5.98198938369751,0,2.941272258758545,12.251468658447266
1,191,12.091134071350098,0,0.4267171323299408,15.270491600036621
1,192,8.96923828125,0,2.2014050483703613,10.162012100219727
1,193,11.499357223510742,0,0.692060112953186,11.203047752380371
1,194,6.995697498321533,0,1.252378225326538,6.157292366027832
1,195,8.097208023071289,0,1.7321065664291382,8.802433013916016
1,196,12.056768417358398,0,0.1109028235077858,12.839197158813477
1,197,8.661266326904297,0,0.3165922462940216,9.444345474243164
1,198,7.469817638397217,0,0.2721691131591797,8.70384407043457
1,199,3.687774658203125,0,5.53476095199585,8.791386604309082
1,200,4.332324981689453,0,2.0475199222564697,4.560324192047119
1,201,7.9641265869140625,0,3.979715347290039,16.06147575378418
1,202,13.693949699401855,0,0.18721674382686615,14.533124923706055
1,203,6.246256351470947,0,0.5294448733329773,6.595486640930176
1,204,5.304759979248047,0,4.237279891967773,12.369682312011719
1,205,3.1234779357910156,0,6.989044189453125,7.758638858795166
1,206,7.263998031616211,0,8.582964897155762,5.671987056732178
1,207,5.574085235595703,0,6.0795207023620605,11.095194816589355
1,208,7.328972339630127,0,0.529411256313324,8.900369644165039
1,209,9.507939338684082,0,0.07817539572715759,9.715143203735352
1,210,7.38311243057251,0,0.0003305127320345491,7.387097358703613
1,211,7.740442752838135,0,0.37220850586891174,8.840234756469727
1,212,4.979442119598389,0,3.814391613006592,6.609259605407715
1,213,6.003156661987305,0,4.035942077636719,11.164278030395508
1,214,7.277487754821777,0,1.6313995122909546,10.239694595336914
1,215,3.5500328540802,0,0.6491135954856873,3.163848638534546
1,216,9.50507640838623,0,6.377421855926514,12.76369857788086
1,217,7.202406883239746,0,0.35173922777175903,8.207731246948242
1,218,4.725453853607178,0,0.4575933516025543,7.303542137145996
1,219,11.155791282653809,0,0.0025713734794408083,11.175838470458984
1,220,4.45223331451416,0,0.07167865335941315,4.642724990844727
1,221,6.55453634262085,0,5.428041934967041,8.68741226196289
1,222,5.080318927764893,0,11.201753616333008,12.41443920135498
1,223,5.760362148284912,0,0.013687563128769398,5.855742931365967
1,224,5.7143964767456055,0,0.003963591996580362,5.735163688659668
1,225,9.667248725891113,0,0.19969691336154938,10.530438423156738
1,226,4.339478015899658,0,0.0005790702416561544,4.339996814727783
1,227,10.986613273620605,0,0.043645117431879044,11.464869499206543
1,228,5.128403663635254,0,0.10182270407676697,5.515997886657715
1,229,2.812913656234741,0,1.3544508218765259,3.367633819580078
1,230,4.417417049407959,0,1.18575918674469,5.6742682456970215
1,231,9.608837127685547,0,1.5580638647079468,15.221220970153809
1,232,8.97150993347168,0,0.15689203143119812,9.361772537231445
1,233,9.003620147705078,0,2.8380167484283447,8.764283180236816
1,234,4.746242046356201,0,1.1852962970733643,6.141791343688965
1,235,4.039349555969238,0,3.9466028213500977,10.186777114868164
1,236,2.200961112976074,0,0.040730055421590805,2.1730589866638184
1,237,2.749906301498413,0,6.5637125968933105,5.962460517883301
1,238,7.441512107849121,0,2.344566583633423,8.343467712402344
1,239,5.880095481872559,0,1.511091947555542,4.468498706817627
1,240,10.345954895019531,0,3.627314567565918,14.772453308105469
1,241,4.207741737365723,0,0.04378421604633331,4.139679908752441
1,242,3.7369816303253174,0,0.2764433026313782,2.7283220291137695
1,243,6.467517852783203,0,1.6209285259246826,7.900973320007324
1,244,2.9772799015045166,0,1.2313536405563354,4.315439224243164
1,245,4.890965938568115,0,7.339096546173096,13.721719741821289
1,246,5.893969535827637,0,0.1401754468679428,6.378469944000244
1,247,5.391299247741699,0,0.8844671249389648,9.526756286621094
1,248,9.36612606048584,0,1.929849624633789,9.733672142028809
1,249,14.447063446044922,0,0.0022351776715368032,14.47317886352539
1,250,11.764334678649902,0,0.0015240018256008625,11.777545928955078
1,251,3.056825637817383,0,0.7120490074157715,4.803834438323975
1,252,3.0841312408447266,0,5.527073860168457,8.162735939025879
1,253,7.324864864349365,0,6.19869097135961e-05,7.3254852294921875
1,254,5.504305839538574,0,2.460810661315918,10.608610153198242
1,255,6.264166355133057,0,0.8367754817008972,8.542074203491211
1,256,6.497324466705322,0,0.7446896433830261,8.186443328857422
1,257,6.430197238922119,0,2.555562734603882,11.34487533569336
1,258,2.898873805999756,0,0.0016811060486361384,2.9106619358062744
1,259,4.6429572105407715,0,0.059594348073005676,4.868475437164307
1,260,3.9452407360076904,0,2.459530830383301,3.5790369510650635
1,261,11.294600486755371,0,4.973077774047852,19.965848922729492
1,262,5.515618324279785,0,0.007784388028085232,5.545098781585693
1,263,8.498126029968262,0,0.07809402793645859,8.928611755371094
1,264,4.900004863739014,0,3.820650815963745,5.6519927978515625
1,265,4.175848960876465,0,2.0520691871643066,6.1088480949401855
1,266,6.490418434143066,0,0.018890123814344406,6.60302734375
1,267,6.118013858795166,0,4.287725925445557,5.765486240386963
1,268,5.363997459411621,0,4.235321044921875,8.412670135498047
1,269,2.30914044380188,1,0.09678622335195541,2.029430627822876
1,270,6.867232799530029,0,1.897261619567871,8.53786563873291
1,271,3.706503391265869,0,1.4681297540664673,4.100587844848633
1,272,3.006286382675171,0,1.2589472532272339,7.6710357666015625
1,273,4.350642204284668,1,14.043039321899414,24.00788116455078
1,274,2.043243646621704,0,20.838796615600586,17.822099685668945
1,275,1.469771385192871,0,8.804420471191406,12.236454010009766
1,276,4.6807451248168945,0,1.3257274627685547,9.361330032348633
1,277,4.874348163604736,0,5.525509357452393,6.37912130355835
1,278,2.906463384628296,1,3.7930634021759033,8.79902458190918
1,279,3.725738763809204,0,2.2487194538116455,7.576251983642578
1,280,6.038750171661377,0,0.9656366109848022,7.176682472229004
1,281,4.239169597625732,0,0.28635701537132263,5.080679893493652
1,282,5.224427223205566,0,1.1942102909088135,7.756158828735352
1,283,4.54572057723999,0,4.3335490226745605,9.75920295715332
1,284,3.994072198867798,0,1.341612696647644,4.666518688201904
1,285,4.989231109619141,0,0.370299756526947,3.73055100440979
1,286,5.130984306335449,0,2.962573766708374,8.587532997131348
1,287,9.169272422790527,0,0.18978479504585266,10.681169509887695
1,288,3.6194396018981934,0,2.3878908157348633,8.728503227233887
1,289,6.5802693367004395,0,0.10839136689901352,7.191617488861084
1,290,5.028914451599121,0,4.893926620483398,14.902290344238281
1,291,3.632110834121704,0,1.5335360765457153,6.826984405517578
1,292,2.144339084625244,1,0.06383480131626129,2.0822603702545166
1,293,7.902840614318848,0,2.442683696746826,10.138429641723633
1,294,12.694129943847656,0,0.31124159693717957,14.11115837097168
1,295,3.302572727203369,0,2.7886123657226562,5.175741672515869
1,296,7.051425457000732,0,7.848316192626953,8.089160919189453
1,297,5.898227214813232,0,0.010623096488416195,5.962794303894043
1,298,1.9283612966537476,0,0.04221716150641441,1.8766887187957764
1,299,8.646186828613281,0,3.2449326515197754,11.97192096710205
1,300,4.93543004989624,0,0.0003623305819928646,4.938503265380859
1,301,4.764810085296631,0,0.0005255748401395977,4.768733024597168
1,302,3.7963852882385254,0,0.41937556862831116,4.608628273010254
1,303,3.737860918045044,0,5.752765655517578,6.0619659423828125
1,304,5.053662300109863,0,1.8471068143844604,9.064752578735352
1,305,4.766157150268555,0,9.419864654541016,12.025644302368164
1,306,5.827211380004883,0,3.9747118949890137,11.940191268920898
1,307,6.291652679443359,0,0.42718857526779175,5.917459011077881
1,308,10.31163215637207,0,0.12693434953689575,10.254246711730957
1,309,5.831161975860596,0,0.0015594713622704148,5.846214771270752
1,310,3.624379873275757,0,1.7157225608825684,3.378751039505005
1,311,6.992063999176025,0,2.654794454574585,11.481703758239746
1,312,4.690093994140625,0,1.1677706241607666,7.0297651290893555
1,313,6.721875190734863,0,7.262569904327393,9.747126579284668
1,314,11.291566848754883,0,4.061334609985352,11.522477149963379
1,315,7.16931676864624,0,4.278426647186279,9.385673522949219
1,316,6.498700141906738,0,0.010347174480557442,6.550774574279785
1,317,5.21014404296875,0,0.5642884969711304,6.525815010070801
1,318,2.717264413833618,0,1.5421826839447021,6.866487979888916
1,319,4.660064220428467,0,2.1116302013397217,2.4600398540496826
1,320,7.917517185211182,0,1.8039498329162598,9.56696605682373
1,321,8.618234634399414,0,0.053531114012002945,8.707406044006348
1,322,6.036056995391846,0,0.11284215748310089,6.39253568649292
1,323,3.4219765663146973,0,0.0012034086976200342,3.429245948791504
1,324,5.789324760437012,0,0.1060953289270401,6.019283294677734
1,325,2.5702250003814697,1,0.26629874110221863,2.0952205657958984
1,326,5.3698554039001465,0,4.687722206115723,9.812408447265625
1,327,5.3978986740112305,0,8.732453346252441,10.206474304199219
1,328,3.8044371604919434,0,1.524749994277954,4.782218933105469
1,329,4.8142523765563965,0,3.257766008377075,5.762931823730469
1,330,5.167040824890137,0,4.259337902069092,9.0014066696167
1,331,6.7517242431640625,0,2.463395595550537,11.533529281616211
1,332,4.207756042480469,0,0.0006272017490118742,4.211427688598633
1,333,7.396012783050537,0,0.2136503905057907,8.267358779907227
1,334,11.406001091003418,0,0.08187981694936752,11.615774154663086
1,335,6.850278854370117,0,0.3246622681617737,8.101000785827637
1,336,3.7848093509674072,0,0.23178048431873322,4.376284599304199
1,337,4.907642841339111,0,8.500843048095703,12.086814880371094
1,338,8.581412315368652,0,0.4060662090778351,8.849071502685547
1,339,7.291544437408447,0,0.3039757311344147,8.424424171447754
1,340,10.394540786743164,0,5.4238757002167404e-05,10.39513111114502
1,341,1.103550672531128,1,0.00771412393078208,1.1155141592025757
1,342,6.340299129486084,0,0.8031908273696899,9.843289375305176
1,343,5.965079307556152,0,0.1468673050403595,6.605086803436279
1,344,3.3713622093200684,0,1.404708743095398,3.693972587585449
1,345,4.872536659240723,0,2.1659746170043945,9.973520278930664
1,346,6.231240272521973,0,4.029192859889008e-05,6.2317023277282715
1,347,7.976923942565918,0,0.0011693552369251847,7.986983776092529
1,348,6.289872169494629,0,2.6292645931243896,4.669681549072266
1,349,5.792834758758545,0,7.885493278503418,9.688937187194824
1,350,11.282495498657227,0,0.7322733998298645,12.444535255432129
1,351,5.677659034729004,0,1.4483102560043335,4.206808567047119
1,352,8.725146293640137,0,1.2680583000183105,4.795858860015869
1,353,6.078564643859863,0,8.056272506713867,9.539884567260742
1,354,5.886667728424072,0,0.5967231392860413,6.986903190612793
1,355,4.937965393066406,0,0.776100754737854,5.600589752197266
1,356,4.8598952293396,0,6.190057754516602,8.354411125183105
1,357,7.375161647796631,0,4.857365608215332,8.893550872802734
1,358,7.270401477813721,0,0.8643903136253357,7.741668224334717
1,359,4.110500335693359,0,3.1940953731536865,6.32130765914917
1,360,7.934020042419434,0,2.3026344776153564,11.215031623840332
1,361,6.758602619171143,0,0.7611047625541687,8.407073974609375
1,362,5.667837142944336,0,0.7819384336471558,5.993742942810059
1,363,6.446885108947754,0,4.95793342590332,8.571798324584961
1,364,5.817721366882324,0,0.0034644128754734993,5.8463029861450195
1,365,2.872579574584961,1,1.137376308441162,2.003809928894043
1,366,3.5600476264953613,0,3.761488676071167,8.362712860107422
1,367,3.195340156555176,0,0.0015885126776993275,3.204418420791626
1,368,4.735281944274902,0,8.963152885437012,14.428961753845215
1,369,6.700700283050537,0,10.624251365661621,13.84547233581543
1,370,8.689680099487305,0,0.026749014854431152,8.79954719543457
1,371,9.666224479675293,0,0.061989910900592804,9.873954772949219
1,372,5.025028705596924,0,1.756193995475769,7.468725204467773
1,373,3.968886613845825,0,4.7262492179870605,5.670113563537598
1,374,1.7717750072479248,0,0.35355204343795776,1.6497827768325806
1,375,9.222676277160645,0,2.9349522590637207,11.785326957702637
1,376,4.9778547286987305,0,0.08725593239068985,5.427323341369629
1,377,3.0786516666412354,0,2.969601631164551,8.066571235656738
1,378,5.974823474884033,0,1.955908179283142,7.06962776184082
1,379,8.133593559265137,0,7.098604202270508,10.378602981567383
1,380,11.262824058532715,0,0.00034517052699811757,11.26587963104248
1,381,4.799790859222412,0,0.0779106616973877,4.978541374206543
1,382,7.268247604370117,0,5.8824782371521,7.928685188293457
1,383,7.193907260894775,0,4.864198684692383,9.894404411315918
1,384,3.1094462871551514,0,7.265989303588867,8.207651138305664
1,385,6.069169521331787,0,1.7201060056686401,6.22193717956543
1,386,11.037442207336426,0,0.007449467200785875,11.110145568847656
1,387,10.968124389648438,0,0.0014843647368252277,10.980756759643555
1,388,7.117056369781494,0,1.3266165256500244,12.676798820495605
1,389,4.644582748413086,0,0.03933701291680336,4.694736957550049
1,390,9.69029426574707,0,5.358569145202637,5.005585670471191
1,391,9.058917045593262,0,3.916917085647583,6.272032737731934
1,392,7.129515171051025,0,2.372236667724792e-05,7.129839897155762
1,393,2.355005979537964,1,0.002994698006659746,2.3662338256835938
1,394,5.783480167388916,0,3.406289577484131,4.245859146118164
1,395,5.624248504638672,0,0.1376059502363205,6.177886009216309
1,396,3.8211112022399902,0,4.449188232421875,7.130013465881348
1,397,2.4589684009552,0,0.9965494275093079,4.372652053833008
1,398,3.897517681121826,0,0.8422617316246033,7.205557346343994
1,399,3.3892946243286133,0,1.4413336515426636,3.686884880065918
1,400,8.128467559814453,0,0.11275706440210342,8.55061149597168
1,401,10.006887435913086,0,2.9682672902708873e-05,10.007272720336914
1,402,9.78262996673584,0,0.00031418632715940475,9.785758972167969
1,403,13.358016014099121,0,0.026427585631608963,13.507087707519531
1,404,4.173764228820801,0,0.055567480623722076,4.378094673156738
1,405,5.812668800354004,0,2.810981512069702,9.931177139282227
1,406,6.916179656982422,0,1.2551932334899902,9.21558666229248
1,407,6.208957672119141,0,1.9968793392181396,4.770139694213867
1,408,10.953792572021484,0,0.04804040864109993,11.312688827514648
1,409,8.10630989074707,0,0.07370390743017197,8.793447494506836
1,410,5.808579921722412,0,0.0010724276071414351,5.818262100219727
1,411,6.693925380706787,0,3.3854863431770355e-05,6.694334983825684
1,412,10.453245162963867,0,0.17998972535133362,11.106679916381836
1,413,6.063592433929443,0,0.025308333337306976,6.127352714538574
1,414,7.057682991027832,0,0.001095052808523178,7.06801700592041
1,415,5.646843433380127,0,0.10373962670564651,5.994508743286133
1,416,2.895007610321045,0,0.4585179090499878,2.734739303588867
1,417,8.57083511352539,0,0.5169141888618469,10.600191116333008
1,418,3.123624324798584,0,1.3589766240329482e-05,3.1237881183624268
1,419,4.9977593421936035,0,4.970903682988137e-05,4.998280048370361
1,420,11.965556144714355,0,4.424772262573242,10.028594017028809
1,421,9.045741081237793,0,3.1714043617248535,10.655235290527344
1,422,12.64004898071289,0,0.03442627191543579,13.004257202148438
1,423,6.812441349029541,0,0.001341396477073431,6.8211669921875
1,424,3.5749754905700684,0,2.766641616821289,3.4098331928253174
1,425,11.201034545898438,0,3.795297622680664,15.01756763458252
1,426,6.970846652984619,0,5.351858139038086,7.512442588806152
1,427,9.76848316192627,0,0.2191518098115921,11.062810897827148
1,428,6.655144691467285,0,3.924337387084961,7.715714454650879
1,429,3.1703667640686035,0,1.0888035297393799,6.155220031738281
1,430,3.747389554977417,0,1.0242483615875244,8.244939804077148
1,431,2.805670976638794,0,15.528820037841797,16.11292266845703
1,432,2.5111241340637207,0,20.82368278503418,15.018157958984375
1,433,3.899688720703125,0,0.8033248782157898,6.8673810958862305
1,434,1.7306437492370605,0,7.650033473968506,11.89141845703125
1,435,7.199843406677246,0,0.6426621079444885,10.857349395751953
1,436,4.942460060119629,0,0.0015230495482683182,4.95414924621582
1,437,9.707985877990723,0,0.1045171394944191,10.676472663879395
1,438,0.6747680306434631,1,13.647764205932617,15.167191505432129
1,439,1.9323831796646118,0,19.2563419342041,20.137975692749023
1,440,3.400526285171509,0,6.74120569229126,11.344186782836914
1,441,5.14363431930542,0,0.6355747580528259,6.71005392074585
1,442,7.018346786499023,0,0.09639311581850052,7.445624828338623
1,443,0.9069346785545349,1,0.008088570088148117,0.9169864058494568
1,444,2.311162233352661,0,1.014577031135559,4.052179336547852
1,445,3.43940806388855,0,6.318632125854492,7.476534843444824
1,446,3.937788248062134,0,4.732193470001221,8.464545249938965
1,447,3.3800764083862305,1,0.48780542612075806,2.4814391136169434
1,448,13.522212982177734,0,2.3419666290283203,15.557324409484863
1,449,7.83695650100708,0,10.01594352722168,7.266782760620117
1,450,5.848833084106445,0,0.0280966404825449,6.0091328620910645
1,451,3.5361313819885254,0,0.0006743779522366822,3.538801431655884
1,452,14.066400527954102,0,1.4769861698150635,17.31975746154785
1,453,5.9770002365112305,0,0.6360889673233032,7.616052627563477
1,454,8.1431245803833,0,0.8406630158424377,12.468807220458984
1,455,5.5077385902404785,0,0.5509319305419922,6.795474052429199
1,456,3.849655866622925,1,1.971713662147522,7.896374702453613
1,457,7.987514972686768,0,0.5457126498222351,9.666074752807617
1,458,4.668412685394287,0,0.5714905858039856,5.074204921722412
1,459,6.832960605621338,0,0.9410929679870605,4.704547882080078
1,460,5.373363018035889,0,2.185936689376831,9.855727195739746
1,461,11.266246795654297,0,0.0004886387032456696,11.272002220153809
1,462,9.729948043823242,0,0.9508590698242188,11.946623802185059
1,463,5.3497633934021,0,2.3659555912017822,11.97447681427002
1,464,3.3830156326293945,0,5.157414436340332,6.791886329650879
1,465,6.118104457855225,0,9.574827194213867,6.979013919830322
1,466,6.032113552093506,0,0.950853168964386,9.90371322631836
1,467,4.191726207733154,0,0.17532002925872803,4.182418346405029
1,468,12.23445987701416,0,2.963674783706665,16.075990676879883
1,469,4.903016567230225,0,0.18236510455608368,5.488580703735352
1,470,3.5385704040527344,0,0.7217004895210266,5.803469657897949
1,471,2.6102399826049805,1,2.2335524559020996,6.706829071044922
1,472,5.468892574310303,0,0.4980553984642029,5.225804805755615
1,473,7.385367393493652,0,0.8541092276573181,10.027602195739746
1,474,14.854814529418945,0,2.749020576477051,13.832763671875
1,475,4.885217666625977,0,0.3178466558456421,4.953632354736328
1,476,3.9691238403320312,0,6.362888813018799,10.859153747558594
1,477,4.409428596496582,0,0.2731304466724396,4.1790947914123535
1,478,1.3861583471298218,1,0.024692822247743607,1.3668328523635864
1,479,8.831025123596191,0,1.069667100906372,10.524409294128418
1,480,7.606023788452148,0,0.10561812669038773,8.337148666381836
1,481,3.630065679550171,0,1.2203624248504639,5.623587608337402
1,482,3.255450487136841,0,6.057126522064209,6.496553897857666
1,483,8.727249145507812,0,3.0707173347473145,11.51453971862793
1,484,4.963753700256348,0,0.5384366512298584,6.242152690887451
1,485,3.2731223106384277,0,0.23761393129825592,3.168503522872925
1,486,6.5923380851745605,0,10.899323463439941,11.496708869934082
1,487,4.101996898651123,0,3.180140733718872,8.271484375
1,488,3.213137626647949,0,0.05624778941273689,3.3501391410827637
1,489,6.4051899909973145,0,4.364034175872803,11.800189971923828
1,490,4.997160911560059,0,0.0004609952447935939,5.000985145568848
1,491,3.6900634765625,0,1.7359297275543213,6.090553283691406
1,492,7.763613224029541,0,1.0781855583190918,9.54151439666748
1,493,3.1996588706970215,0,4.959314346313477,12.509308815002441
1,494,4.352639198303223,0,13.227153778076172,9.72519302368164
1,495,3.878596782684326,0,0.6331290006637573,4.1578474044799805
1,496,7.503410339355469,0,3.7863850593566895,10.021233558654785
1,497,6.130155086517334,0,2.4915921688079834,5.839134216308594
1,498,10.576118469238281,0,0.0004938812926411629,10.583016395568848
1,499,10.460152626037598,0,0.0001802282058633864,10.462398529052734
1,500,10.922052383422852,0,2.545923948287964,14.5343017578125
1,501,10.181763648986816,0,0.23683984577655792,11.520307540893555
1,502,1.3933355808258057,1,0.17178238928318024,1.3297020196914673
1,503,3.632716655731201,1,0.7317637205123901,2.032733201980591
1,504,9.155558586120605,0,0.06589217483997345,9.651458740234375
1,505,3.621703624725342,0,0.003691408084705472,3.6427230834960938
1,506,3.722371816635132,0,0.18886657059192657,4.441212177276611
1,507,3.178712844848633,0,1.9432567358016968,4.1104888916015625
1,508,5.257565021514893,0,2.468280792236328,11.248188018798828
1,509,6.5356526374816895,0,1.6403602361679077,5.333105087280273
1,510,5.173381805419922,0,1.505729079246521,9.063019752502441
1,511,3.9366776943206787,0,1.1929841041564941,5.87772798538208
2,0,2.015023946762085,0,1.4917508363723755,3.5547938346862793
2,1,1.0692427158355713,0,1.2270019054412842,2.220034122467041
2,2,1.217541217803955,0,9.925537109375,10.791236877441406
2,3,2.062140941619873,0,4.102609157562256,7.673374176025391
2,4,1.2329436540603638,1,0.024345485493540764,1.299369215965271
2,5,0.9639788866043091,0,0.07462162524461746,1.2836755514144897
2,6,0.25339269638061523,0,10.154335021972656,10.620317459106445
2,7,3.6473610401153564,0,0.9439616203308105,7.410979270935059
2,8,6.793619632720947,0,0.02982192672789097,6.967353343963623
2,9,0.05399703606963158,1,0.00014006110723130405,0.05454055964946747
2,10,1.8166160583496094,1,1.0575547218322754,7.072539806365967
2,11,0.9803382754325867,0,0.7663040161132812,2.5783205032348633
2,12,1.530545949935913,0,3.9744911193847656,5.91570520401001
2,13,4.686338901519775,0,6.243292808532715,9.943888664245605
2,14,7.438282012939453,0,2.8688886165618896,4.883120536804199
2,15,1.5915842056274414,1,7.265438556671143,7.28678035736084
2,16,1.8288925886154175,0,8.377281188964844,10.425132751464844
2,17,0.9721441268920898,1,0.6614522933959961,1.2636114358901978
2,18,2.6001315116882324,0,4.1195831298828125,7.190639972686768
2,19,9.369156837463379,0,0.14819180965423584,10.251376152038574
2,20,2.147037982940674,0,1.557850956916809,6.4724297523498535
2,21,2.1913485527038574,1,5.9343485832214355,8.494970321655273
2,22,1.5473055839538574,1,11.00558853149414,10.546747207641602
2,23,2.5274839401245117,0,20.16650390625,15.310633659362793
2,24,3.5908005237579346,0,10.370256423950195,9.003390312194824
2,25,1.235422134399414,0,4.173975944519043,4.775822639465332
2,26,1.0428096055984497,1,0.6656632423400879,0.8601836562156677
2,27,4.176949501037598,0,4.913370609283447,8.104646682739258
2,28,6.985149383544922,0,0.13747961819171906,8.076738357543945
2,29,4.133022308349609,0,3.1160435676574707,3.1611387729644775
2,30,6.752686977386475,0,4.898924827575684,11.158926963806152
2,31,9.732138633728027,0,0.2490132749080658,10.679988861083984
2,32,8.60965633392334,0,2.273541212081909,11.511430740356445
2,33,1.6718335151672363,0,4.465656280517578,4.590750694274902
2,34,2.9034485816955566,0,2.7035152912139893,7.200702667236328
2,35,2.1778995990753174,0,8.321527481079102,9.533670425415039
2,36,5.713881969451904,0,3.0774106979370117,9.009780883789062
2,37,3.220047950744629,0,2.39825177192688,6.039254188537598
2,38,3.8199350833892822,0,0.7295510172843933,4.255634307861328
2,39,6.356421947479248,0,0.33444035053253174,7.950772285461426
2,40,5.46120548248291,0,5.124568939208984,7.439713954925537
2,41,1.980355143547058,1,3.1527247428894043,3.2977731227874756
2,42,3.107351541519165,0,4.037773609161377,9.867879867553711
2,43,6.436308860778809,0,0.0017246623756363988,6.451436996459961
2,44,4.741995334625244,0,4.315951824188232,9.437981605529785
2,45,4.2348222732543945,0,0.004165544640272856,4.258302688598633
2,46,5.446325778961182,0,4.078784465789795,9.510177612304688
2,47,8.967901229858398,0,5.2126264572143555,17.389324188232422
2,48,10.150310516357422,0,0.053318317979574203,10.245590209960938
2,49,10.289868354797363,0,1.3338840007781982,12.881802558898926
2,50,2.3406851291656494,0,1.8762400150299072,2.1026978492736816
2,51,5.801112651824951,0,6.340766906738281,11.533514976501465
2,52,5.278298854827881,0,1.1858673095703125,9.607841491699219
2,53,6.184256553649902,0,0.008090817369520664,6.243969917297363
2,54,5.740520477294922,0,5.97212028503418,11.774765014648438
2,55,6.46882963180542,0,0.08027336001396179,6.9910478591918945
2,56,6.125147342681885,0,2.799971103668213,5.695182800292969
2,57,3.83009934425354,0,3.419463634490967,8.070259094238281
2,58,8.954602241516113,0,0.526659369468689,10.088802337646484
2,59,3.662842035293579,0,0.29937052726745605,4.76509952545166
2,60,1.6171133518218994,1,5.281850337982178,3.978053569793701
2,61,3.8512299060821533,0,3.6484360694885254,7.016328811645508
2,62,3.5142269134521484,0,1.416450023651123,4.025434970855713
2,63,5.821068286895752,0,0.21979695558547974,7.648886203765869
2,64,5.3689069747924805,0,2.0475425720214844,4.685429096221924
2,65,12.866409301757812,0,1.756037712097168,13.603033065795898
2,66,4.173414707183838,0,3.3308308124542236,6.863030433654785
2,67,2.7605953216552734,0,1.9296989440917969,2.2649240493774414
2,68,2.4745945930480957,1,9.72828483581543,12.403177261352539
2,69,6.412078380584717,0,1.812140703201294,4.433895111083984
2,70,5.080526828765869,0,2.696943759918213,5.929898262023926
2,71,3.0377516746520996,1,4.620364189147949,11.967116355895996
2,72,7.004469394683838,0,1.538753867149353,12.347517967224121
2,73,3.7148494720458984,0,0.766333818435669,5.76686954498291
2,74,5.00579833984375,0,0.7788034081459045,7.703469753265381
2,75,2.513174533843994,1,2.9799838066101074,3.396730899810791
2,76,2.981747627258301,0,2.0928993225097656,3.297283172607422
2,77,4.579330921173096,0,7.257358074188232,7.864811897277832
2,78,4.080117702484131,0,0.00585756404325366,4.096203804016113
2,79,7.988072872161865,0,0.09227834641933441,8.638874053955078
2,80,2.5672082901000977,1,0.8605493307113647,1.5470373630523682
2,81,6.13988733291626,0,3.2384419441223145,6.657594203948975
2,82,7.828766345977783,0,11.256218910217285,15.566977500915527
2,83,9.389555931091309,0,13.27332878112793,10.256507873535156
2,84,6.69950532913208,0,1.4795931577682495,9.652201652526855
2,85,5.282410621643066,0,0.14107412099838257,5.424180030822754
2,86,11.005267143249512,0,4.721648216247559,14.125364303588867
2,87,4.770788192749023,0,2.0002098083496094,10.223755836486816
2,88,17.472679138183594,0,0.479356586933136,18.001537322998047
2,89,3.8013453483581543,0,0.38959306478500366,3.920219659805298
2,90,8.075048446655273,0,1.5952088832855225,10.01419448852539
2,91,2.3538153171539307,0,2.1044015884399414,3.132564067840576
2,92,3.329789638519287,0,5.211091041564941,8.732625961303711
2,93,2.051426887512207,0,1.4409890174865723,3.4578475952148438
2,94,3.5504486560821533,0,0.7421343922615051,3.480699300765991
2,95,4.01567268371582,0,5.746358871459961,9.142253875732422
2,96,4.635990142822266,0,1.0084730386734009,9.252668380737305
2,97,4.914365291595459,0,2.123595714569092,5.362236976623535
2,98,7.363914966583252,0,4.047238349914551,14.968682289123535
2,99,3.386756181716919,0,1.0722265243530273,4.254335880279541
2,100,6.248259544372559,0,1.4155431985855103,10.447979927062988
2,101,3.145486831665039,1,0.6028453707695007,1.0489165782928467
2,102,1.557559609413147,1,0.1352693736553192,1.500011920928955
2,103,4.834534168243408,0,1.018858551979065,7.8551130294799805
2,104,5.3390936851501465,0,0.4673619866371155,7.07167911529541
2,105,4.841899871826172,0,1.4893698692321777,5.518279075622559
2,106,2.8420870304107666,0,1.5490806102752686,3.824394941329956
2,107,2.9115986824035645,0,4.5836639404296875,6.5431342124938965
2,108,4.977215766906738,0,4.660518169403076,12.923639297485352
2,109,8.985003471374512,0,0.23125778138637543,10.2825927734375
2,110,10.923624038696289,0,0.6229429244995117,12.286880493164062
2,111,8.552335739135742,0,1.8393099308013916,14.009744644165039
2,112,3.5154175758361816,0,0.36492300033569336,3.940204620361328
2,113,1.9276467561721802,1,0.30136725306510925,2.0225958824157715
2,114,4.536064147949219,0,8.56025218963623,9.470545768737793
2,115,2.683993101119995,0,6.428325653076172,6.613853454589844
2,116,8.439351081848145,0,8.424856185913086,19.993728637695312
2,117,4.7934889793396,0,0.8872392177581787,6.741615295410156
2,118,5.14890718460083,0,1.0278669595718384,7.109959602355957
2,119,7.427385330200195,0,6.282547473907471,10.123819351196289
2,120,10.445805549621582,0,0.026062730699777603,10.709083557128906
2,121,4.816503524780273,0,0.00988705549389124,4.837447166442871
2,122,11.524818420410156,0,0.00031799983116798103,11.527342796325684
2,123,9.786084175109863,0,0.0014077048981562257,9.796710968017578
2,124,10.756218910217285,0,0.010899885557591915,10.854571342468262
2,125,3.9290804862976074,0,2.7096519470214844,5.6627912521362305
2,126,11.372374534606934,0,3.721024990081787,14.184404373168945
2,127,3.051784038543701,0,0.4281325936317444,3.337393283843994
2,128,6.780812740325928,0,0.627651035785675,9.734964370727539
2,129,4.094722747802734,0,2.871506690979004,9.607177734375
2,130,5.627542972564697,0,0.5980711579322815,6.77863883972168
2,131,2.5162906646728516,0,0.5319699645042419,1.8058069944381714
2,132,4.999425888061523,0,2.0222249031066895,7.74029541015625
2,133,11.141308784484863,0,0.05886281281709671,11.766101837158203
2,134,3.0480830669403076,0,5.042438983917236,6.60643196105957
2,135,5.046220302581787,0,4.239682674407959,13.644864082336426
2,136,8.338980674743652,0,0.008470087312161922,8.37464714050293
2,137,4.140944957733154,0,0.6923593282699585,5.107334613800049
2,138,3.28873348236084,0,2.4682259559631348,11.403463363647461
2,139,3.133023738861084,0,16.430545806884766,19.910991668701172
2,140,4.52215576171875,0,20.007827758789062,12.87533950805664
2,141,6.435638427734375,0,0.7844194173812866,11.018600463867188
2,142,1.398094892501831,1,2.6037707328796387,4.964504241943359
2,143,1.026463508605957,1,0.08695545792579651,0.9994252324104309
2,144,2.7028772830963135,1,0.0131888622418046,2.7651209831237793
2,145,6.027273654937744,0,0.0899524837732315,6.344061851501465
2,146,3.1164090633392334,0,4.657134056091309,8.828182220458984
2,147,5.72905969619751,0,9.089197158813477,6.955700397491455
2,148,5.6147284507751465,0,2.688056230545044,4.8908538818359375
2,149,7.346487998962402,0,4.5853962898254395,9.893211364746094
2,150,3.782665252685547,1,4.025529861450195,13.431203842163086
2,151,7.976417064666748,0,0.00673524197191,8.026900291442871
2,152,4.953003406524658,0,1.1831270456314087,5.084397315979004
2,153,3.9982621669769287,1,3.6555209159851074,7.0876874923706055
2,154,8.778351783752441,0,0.020803581923246384,8.8604097366333
2,155,4.4517502784729,0,3.910961866378784,4.4214372634887695
2,156,5.9904985427856445,0,10.710898399353027,13.659867286682129
2,157,3.080325126647949,1,2.267028570175171,9.42341423034668
2,158,8.164331436157227,0,3.8983166217803955,14.102851867675781
2,159,9.623629570007324,0,1.0985968112945557,13.876294136047363
2,160,3.924490213394165,0,1.7160230875015259,9.802993774414062
2,161,7.557015419006348,0,0.0010827876394614577,7.569130897521973
2,162,9.903634071350098,0,0.6763702630996704,12.387433052062988
2,163,3.6366395950317383,0,3.057777166366577,9.797300338745117
2,164,8.810587882995605,0,2.426534414291382,12.780876159667969
2,165,3.4723238945007324,0,1.444711446762085,6.739805698394775
2,166,4.427306175231934,0,1.387488603591919,7.450623035430908
2,167,12.29816722869873,0,0.10735306888818741,12.980216026306152
2,168,15.067744255065918,0,0.003230474190786481,15.103597640991211
2,169,3.0382208824157715,0,0.6917925477027893,4.4613800048828125
2,170,1.8703701496124268,1,8.104644775390625,11.604436874389648
2,171,7.026560306549072,0,5.912905216217041,10.964822769165039
2,172,5.852078437805176,0,0.020078154280781746,5.9892683029174805
2,173,10.29681396484375,0,3.356154441833496,14.69703483581543
2,174,4.265438556671143,0,0.3052392899990082,4.508749961853027
2,175,4.651054859161377,0,6.960148811340332,7.890878677368164
2,176,15.331655502319336,0,1.3635717630386353,21.092966079711914
2,177,5.943174839019775,0,4.145299434661865,12.189465522766113
2,178,3.777730703353882,0,2.2379841804504395,2.1083297729492188
2,179,11.33845043182373,0,0.5234698057174683,13.393253326416016
2,180,7.432128429412842,0,0.14337055385112762,8.397237777709961
2,181,7.706892013549805,0,1.2650161981582642,10.867950439453125
2,182,2.5002851486206055,0,3.2323174476623535,2.9828741550445557
2,183,5.237903594970703,0,4.1673078536987305,10.799480438232422
2,184,7.4897050857543945,0,0.014558046124875546,7.505667209625244
2,185,6.70808219909668,0,6.794698856538162e-05,6.70864200592041
2,186,3.1028900146484375,0,0.5879648327827454,3.386521577835083
2,187,6.403069019317627,0,2.667764663696289,13.405872344970703
2,188,9.873350143432617,0,0.05618851259350777,10.275842666625977
2,189,3.827688217163086,0,0.9806748628616333,5.0549211502075195
2,190,6.965991497039795,0,2.4202475547790527,7.203061103820801
2,191,3.478330135345459,0,1.2363815307617188,4.786071300506592
2,192,5.607715606689453,0,0.9823876619338989,8.784146308898926
2,193,8.786654472351074,0,1.8387161493301392,10.355802536010742
2,194,3.4671614170074463,0,0.002526308177039027,3.474766254425049
2,195,6.140089988708496,0,0.46949201822280884,7.137477874755859
2,196,12.214293479919434,0,0.16205599904060364,12.716995239257812
2,197,4.007017612457275,0,1.891418218612671,10.545472145080566
2,198,3.8425557613372803,0,0.12445741146802902,4.124568939208984
2,199,6.622863292694092,0,2.6822128295898438,8.613285064697266
2,200,0.41042688488960266,1,14.544017791748047,8.426356315612793
2,201,1.5802316665649414,0,20.35983657836914,16.420936584472656
2,202,2.5992326736450195,0,4.944544792175293,7.165867805480957
2,203,7.083065032958984,0,9.590048789978027,9.778308868408203
2,204,2.180882453918457,0,2.0351600646972656,5.510280609130859
2,205,5.052449703216553,0,0.6670525670051575,8.441012382507324
2,206,10.20782470703125,0,0.12252520769834518,10.844609260559082
2,207,5.163614273071289,0,0.3842866122722626,7.363869667053223
2,208,2.815610885620117,1,15.312817573547363,8.18980884552002
2,209,1.6293002367019653,0,19.559999465942383,17.195096969604492
2,210,2.4546642303466797,0,6.768092155456543,7.025904655456543
2,211,2.6891567707061768,0,3.853599786758423,4.485050201416016
2,212,4.054353713989258,0,4.559450149536133,8.128508567810059
2,213,4.825746536254883,0,2.2580759525299072,9.141247749328613
2,214,0.9215189814567566,1,0.012071529403328896,0.9403307437896729
2,215,3.3120315074920654,0,6.511232376098633,9.745248794555664
2,216,4.553900241851807,0,3.0941219329833984,5.930388450622559
2,217,8.013879776000977,0,1.376011610031128,5.911994934082031
2,218,11.659045219421387,0,4.717063903808594,15.076446533203125
2,219,10.594657897949219,0,0.14336498081684113,11.407756805419922
2,220,2.1010234355926514,0,2.8617100715637207,3.8673248291015625
2,221,6.031721591949463,0,0.4375641644001007,8.642413139343262
2,222,4.461624622344971,0,0.5619624257087708,3.509551525115967
2,223,6.65626335144043,0,2.23836088180542,10.768072128295898
2,224,5.72523307800293,0,4.311262130737305,10.132512092590332
2,225,5.615758419036865,0,3.486020565032959,10.093755722045898
2,226,6.909846782684326,0,2.373372793197632,9.667692184448242
2,227,3.2776010036468506,0,1.2008578777313232,6.554441928863525
2,228,4.8183441162109375,0,2.6221113204956055,9.360469818115234
2,229,6.224907875061035,0,0.18123023211956024,7.731224536895752
2,230,13.093341827392578,0,0.5447414517402649,13.789113998413086
2,231,10.099590301513672,0,0.1493789404630661,11.334389686584473
2,232,10.551570892333984,0,0.776352047920227,10.648616790771484
2,233,5.709367752075195,0,1.084035873413086,9.188058853149414
2,234,4.817089080810547,0,2.849090814590454,10.604914665222168
2,235,2.8494930267333984,1,7.524345397949219,6.69356632232666
2,236,6.084394454956055,0,3.28184175491333,11.756494522094727
2,237,5.473165512084961,0,2.551271915435791,12.094898223876953
2,238,7.795462608337402,0,0.001627550576813519,7.815590858459473
2,239,6.878083229064941,0,1.482843279838562,10.62945556640625
2,240,9.753250122070312,0,3.6442806720733643,6.609397888183594
2,241,3.0128047466278076,0,0.1334393322467804,2.940469980239868
2,242,15.699440002441406,0,0.8179259300231934,15.884204864501953
2,243,6.75630521774292,0,0.028285665437579155,6.9841628074646
2,244,5.287588119506836,0,0.3112884759902954,5.402629852294922
2,245,6.001311779022217,0,0.34937360882759094,7.123693466186523
2,246,2.585803747177124,1,2.626016139984131,6.37545108795166
2,247,4.14606237411499,0,2.4506282806396484,7.183487415313721
2,248,10.526460647583008,0,4.059798240661621,15.8775053024292
2,249,9.024494171142578,0,0.9022749662399292,13.36750602722168
2,250,10.759739875793457,0,1.457930326461792,11.137457847595215
2,251,7.756368637084961,0,0.9768327474594116,11.755845069885254
2,252,5.844152450561523,0,0.0013804440386593342,5.857019424438477
2,253,10.452049255371094,0,1.3044772148132324,12.202733993530273
2,254,2.574435234069824,0,1.9603044986724854,6.468441963195801
2,255,9.196081161499023,0,6.4592061042785645,11.712836265563965
2,256,8.382054328918457,0,3.015695571899414,12.858859062194824
2,257,4.224275588989258,0,1.1568529605865479,4.608931541442871
2,258,3.4600534439086914,0,1.1104243993759155,3.135566234588623
2,259,5.858192443847656,0,5.504135608673096,11.022027969360352
2,260,3.8882346153259277,0,1.347740888595581,3.357548236846924
2,261,5.478576183319092,0,4.976546287536621,11.631752014160156
2,262,3.4196994304656982,0,1.9300340414047241,2.293797731399536
2,263,9.6163911819458,0,0.8694472908973694,12.721978187561035
2,264,6.9885454177856445,0,0.0006992755807004869,6.998004913330078
2,265,3.4769513607025146,0,0.0035387768875807524,3.504002809524536
2,266,2.829702854156494,0,2.350033760070801,4.967734336853027
2,267,3.7758517265319824,0,2.677497148513794,10.11658000946045
2,268,5.45189905166626,0,0.30911627411842346,6.274725914001465
2,269,8.699975967407227,0,0.009738790802657604,8.73788070678711
2,270,5.557173252105713,0,0.07390554249286652,5.957468509674072
2,271,6.554071426391602,0,0.6042760014533997,7.189383506774902
2,272,5.282061576843262,0,0.483560711145401,6.513277530670166
2,273,3.3136305809020996,0,3.1330666542053223,4.099822998046875
2,274,1.346372127532959,1,13.930238723754883,10.000770568847656
2,275,1.6336338520050049,0,20.62772560119629,18.3509464263916
2,276,2.721748113632202,0,8.28194808959961,14.607095718383789
2,277,1.0637694597244263,1,0.5424019694328308,0.8582736849784851
2,278,1.5084718465805054,1,3.6120412349700928,7.739870071411133
2,279,3.3709099292755127,0,0.08835721015930176,3.4617772102355957
2,280,6.1455206871032715,0,0.8592134118080139,10.537040710449219
2,281,7.709672927856445,0,0.030610734596848488,7.979714393615723
2,282,2.777737617492676,0,0.000613143783994019,2.7818305492401123
2,283,3.9799423217773438,0,6.835864543914795,12.500718116760254
2,284,9.274585723876953,0,0.13187479972839355,9.911054611206055
2,285,8.339420318603516,0,0.012966719456017017,8.443740844726562
2,286,5.361122131347656,0,4.421267509460449,8.458353996276855
2,287,7.770488739013672,0,3.881246328353882,6.777150630950928
2,288,9.583571434020996,0,0.14371196925640106,9.960899353027344
2,289,1.251766562461853,0,0.046807918697595596,1.4587396383285522
2,290,6.2895894050598145,0,1.6443802118301392,3.921849489212036
2,291,9.87962532043457,0,0.0002109781780745834,9.881864547729492
2,292,4.106568813323975,0,0.008747355081140995,4.160778045654297
2,293,3.649796962738037,0,2.3945465087890625,4.142446517944336
2,294,2.3286995887756348,0,3.2598702907562256,7.2639665603637695
2,295,9.843408584594727,0,0.3669320046901703,12.104205131530762
2,296,6.825020790100098,0,6.849680423736572,10.321666717529297
2,297,8.065780639648438,0,0.06194957718253136,8.445049285888672
2,298,5.480408668518066,0,0.3392474055290222,7.092566013336182
2,299,6.423765182495117,0,2.9343273639678955,11.81828498840332
2,300,2.154831647872925,1,0.0011410161387175322,2.1602275371551514
2,301,1.6619105339050293,1,0.2846151292324066,1.9923874139785767
2,302,4.689352512359619,0,0.15379437804222107,5.4618682861328125
2,303,5.637813568115234,0,3.744536876678467,11.652734756469727
2,304,6.826817989349365,0,0.3203568458557129,7.218663215637207
2,305,2.9950740337371826,0,0.0022149572614580393,3.0165867805480957
2,306,0.40313851833343506,1,0.00011324241495458409,0.40372416377067566
2,307,2.887145757675171,0,0.11984814703464508,3.0664916038513184
2,308,6.684887409210205,0,4.467453479766846,11.113944053649902
2,309,4.372498989105225,0,0.014159335754811764,4.440250396728516
2,310,4.341322422027588,0,1.815901517868042,6.238126277923584
2,311,7.201111793518066,0,0.8355882167816162,10.85147476196289
2,312,5.539273738861084,0,6.103329360485077e-05,5.540023326873779
2,313,9.029897689819336,0,0.0004574206250254065,9.033174514770508
2,314,6.78863525390625,0,0.9791265726089478,7.254609107971191
2,315,6.647816181182861,0,0.008949052542448044,6.722275733947754
2,316,4.427374839782715,0,0.26920294761657715,5.401979446411133
2,317,1.8558400869369507,0,3.596207618713379,10.001384735107422
2,318,1.0186690092086792,1,15.237948417663574,12.825847625732422
2,319,1.4020752906799316,0,20.98189926147461,18.028308868408203
2,320,2.455206871032715,0,6.919549942016602,8.872834205627441
2,321,1.520359754562378,1,8.276915550231934,10.1640043258667
2,322,5.044219017028809,0,3.5579607486724854,6.725522994995117
2,323,4.037991046905518,0,0.8033097982406616,7.017736434936523
2,324,3.234755754470825,0,1.0562162399291992,1.902846336364746
2,325,2.3790175914764404,0,4.275929927825928,6.177601337432861
2,326,2.222461462020874,0,3.8614535331726074,12.44819450378418
2,327,10.660195350646973,0,0.008378593251109123,10.720762252807617
2,328,10.848649978637695,0,0.5451930165290833,10.74072265625
2,329,10.263426780700684,0,0.0012418661499395967,10.27888298034668
2,330,3.1288678646087646,0,0.0005334384622983634,3.1328041553497314
2,331,3.227388620376587,0,1.314795732498169,3.598820447921753
2,332,7.878395080566406,0,1.2297948598861694,7.976016521453857
2,333,4.445698261260986,0,0.007182254455983639,4.471278667449951
2,334,10.987283706665039,0,0.09688274562358856,11.731403350830078
2,335,8.042474746704102,0,0.0001919085334520787,8.044981002807617
2,336,3.950213670730591,0,0.569725751876831,5.620494842529297
2,337,4.712900638580322,0,7.715546131134033,10.37562370300293
2,338,3.95015287399292,0,0.06620306521654129,4.092134475708008
2,339,4.234184741973877,0,0.12124354392290115,4.641995429992676
2,340,10.191527366638184,0,0.01868562586605549,10.349996566772461
2,341,8.068116188049316,0,0.00044264530879445374,8.072173118591309
2,342,2.06734561920166,1,0.0004637358069885522,2.0706727504730225
2,343,12.403237342834473,0,0.0029806732200086117,12.420910835266113
2,344,5.7787604331970215,0,0.7560063004493713,7.343425273895264
2,345,6.980854511260986,0,10.834609985351562,15.760370254516602
2,346,8.775008201599121,0,0.8575013279914856,10.34822940826416
2,347,3.8681483268737793,0,0.999874472618103,3.6278159618377686
2,348,4.370101451873779,0,5.830047130584717,8.550467491149902
2,349,6.734606742858887,0,4.321216583251953,8.547113418579102
2,350,10.301661491394043,0,1.0310112237930298,12.854442596435547
2,351,3.179147481918335,0,0.008019155822694302,3.223121166229248
2,352,3.734370231628418,0,2.1439173221588135,4.837381839752197
2,353,5.339456081390381,0,9.725201606750488,11.08942985534668
2,354,8.020536422729492,0,8.278559684753418,13.089118003845215
2,355,5.887420177459717,0,0.0352320596575737,6.062597274780273
2,356,6.076603889465332,0,5.594832420349121,10.342226028442383
2,357,6.4145660400390625,0,0.12059643864631653,6.8579206466674805
2,358,4.461038112640381,0,0.004201514180749655,4.475415229797363
2,359,3.4631152153015137,0,3.7464802265167236,9.345534324645996
2,360,4.742003440856934,0,1.8624615669250488,7.1252946853637695
2,361,4.970651149749756,0,6.376438140869141,8.805882453918457
2,362,7.565573215484619,0,5.895780563354492,9.841263771057129
2,363,3.2795567512512207,1,1.6369714736938477,6.354554653167725
2,364,2.5396411418914795,0,0.004638150800019503,2.55322527885437
2,365,10.308882713317871,0,0.9051267504692078,8.315665245056152
2,366,7.128756523132324,0,0.0007799206068739295,7.1379780769348145
2,367,0.2585388720035553,1,9.274052717955783e-05,0.25921112298965454
2,368,3.1774115562438965,0,4.191142559051514,4.84478759765625
2,369,5.681880474090576,0,1.123000144958496,8.033241271972656
2,370,4.492177963256836,0,1.4125913381576538,6.005119800567627
2,371,6.479827404022217,0,1.8865913152694702,6.976998329162598
2,372,4.547564506530762,0,1.7074434757232666,6.23475456237793
2,373,3.203068971633911,0,0.7899187803268433,6.568143367767334
2,374,4.679048538208008,1,12.573802947998047,15.853291511535645
2,375,1.3544594049453735,0,18.778486251831055,20.326435089111328
2,376,5.383037090301514,0,5.924537181854248,16.022811889648438
2,377,6.013359546661377,0,0.4806745946407318,7.274122714996338
2,378,7.001029014587402,0,0.021894412115216255,7.106414318084717
2,379,0.8470355868339539,1,0.010805902071297169,0.8732824921607971
2,380,3.543003797531128,0,1.1973817348480225,3.208796262741089
2,381,4.493122100830078,0,14.343757629394531,9.156625747680664
2,382,4.791793346405029,0,0.04447372630238533,5.058571815490723
2,383,5.90374755859375,0,1.8659149408340454,4.918781757354736
2,384,3.5081474781036377,0,3.0860443115234375,10.094452857971191
2,385,3.847186803817749,0,4.9518561363220215,8.856566429138184
2,386,6.986304759979248,0,1.9201126098632812,6.766348361968994
2,387,6.245834827423096,0,1.0245791673660278,9.308484077453613
2,388,8.843039512634277,0,0.3369505703449249,10.648797988891602
2,389,4.15983247756958,0,2.0268006324768066,8.472148895263672
2,390,4.63406229019165,0,2.7866201400756836,11.97195053100586
2,391,4.440001487731934,0,0.007059511728584766,4.468867778778076
2,392,3.7685301303863525,0,0.5694465637207031,4.813236236572266
2,393,7.797497749328613,0,1.5042058229446411,12.973362922668457
2,394,6.9864606857299805,0,4.024866104125977,13.244830131530762
2,395,5.278470039367676,0,4.153331756591797,11.228757858276367
2,396,8.199774742126465,0,0.18986061215400696,8.425460815429688
2,397,5.906689643859863,0,0.009901692159473896,5.982797145843506
2,398,4.040142059326172,0,0.011652620509266853,4.110776424407959
2,399,6.0692243576049805,0,0.5383344888687134,7.996867656707764
2,400,3.7031784057617188,1,6.6751275062561035,11.125715255737305
2,401,2.6628222465515137,0,1.9079134464263916,6.218820571899414
2,402,4.591485977172852,0,0.7612442970275879,4.777105331420898
2,403,3.078495740890503,0,6.424764156341553,9.338861465454102
2,404,6.042301177978516,0,0.7151049375534058,7.225729942321777
2,405,4.991946220397949,0,0.3907680809497833,5.466822147369385
2,406,4.079824924468994,0,6.684050559997559,6.574354648590088
2,407,11.825370788574219,0,0.1697869896888733,13.215156555175781
2,408,3.4120748043060303,0,0.3493932783603668,4.0977582931518555
2,409,4.141796112060547,0,0.3404121398925781,5.181436061859131
2,410,4.347053050994873,0,2.8372082710266113,4.134631633758545
2,411,5.93836784362793,0,1.218475103378296,9.846399307250977
2,412,4.232942581176758,0,0.7914819121360779,6.459102630615234
2,413,3.5376434326171875,0,2.228461265563965,6.667605876922607
2,414,9.879077911376953,0,0.2539937198162079,10.85676097869873
2,415,4.861464977264404,0,3.196051597595215,7.723273277282715
2,416,4.167487144470215,0,0.39632540941238403,3.6537744998931885
2,417,3.898167133331299,0,3.3070526123046875,13.868675231933594
2,418,12.508138656616211,0,3.1971452236175537,10.947385787963867
2,419,5.0306572914123535,0,0.013638880103826523,5.077042579650879
2,420,6.579096794128418,0,0.028271643444895744,6.707756996154785
2,421,8.7919282913208,0,0.002965697320178151,8.832659721374512
2,422,1.154576301574707,1,0.00010609064338495955,1.1554076671600342
2,423,3.402700185775757,1,2.8071889877319336,4.365965366363525
2,424,4.068768501281738,0,2.6714658737182617,6.41957950592041
2,425,5.251890659332275,0,11.117033004760742,15.423761367797852
2,426,4.878655910491943,0,11.631250381469727,10.500996589660645
2,427,6.7267022132873535,0,0.18068301677703857,7.199790954589844
2,428,3.5428433418273926,1,1.338863730430603,2.3804385662078857
2,429,6.206427574157715,0,2.7020018100738525,10.651796340942383
2,430,6.309892177581787,0,0.5294156670570374,7.345193862915039
2,431,5.794486999511719,0,2.4038643836975098,6.266142845153809
2,432,2.8335561752319336,0,0.003007058519870043,2.8480446338653564
2,433,10.443284034729004,0,0.09955780953168869,11.252124786376953
2,434,11.378960609436035,0,0.0001778444420779124,11.381645202636719
2,435,6.050507068634033,0,5.058338165283203,9.752094268798828
2,436,2.159958839416504,0,4.4015092849731445,4.511087894439697
2,437,3.3471837043762207,1,0.3143165409564972,2.4954354763031006
2,438,4.6158905029296875,0,0.44734543561935425,5.079614639282227
2,439,8.42584228515625,0,0.004774360917508602,8.466437339782715
2,440,4.383668422698975,0,0.487788587808609,4.067110061645508
2,441,4.672447204589844,0,0.5039112567901611,7.356266021728516
2,442,1.3390700817108154,1,13.533943176269531,16.63921546936035
2,443,1.4687516689300537,0,19.442256927490234,16.190425872802734
2,444,6.469250679016113,0,0.5139382481575012,9.421846389770508
2,445,3.1909260749816895,0,6.290195941925049,9.918859481811523
2,446,5.0985846519470215,0,6.33572244644165,13.573867797851562
2,447,8.605173110961914,0,0.14286194741725922,9.59093952178955
2,448,11.389543533325195,0,0.008086205460131168,11.461617469787598
2,449,8.007304191589355,0,0.07245787233114243,8.579872131347656
2,450,1.4642575979232788,0,12.043039321899414,13.218267440795898
2,451,1.4517626762390137,0,18.16242218017578,20.01030158996582
2,452,4.528755187988281,0,6.384155750274658,11.93582820892334
2,453,4.959958076477051,0,0.421718567609787,6.402134418487549
2,454,3.96905517578125,0,0.08224495500326157,4.0070037841796875
2,455,1.7608733177185059,1,0.0077815488912165165,1.7920441627502441
2,456,1.9289135932922363,0,0.9300805330276489,3.154576301574707
2,457,2.4942808151245117,0,11.544633865356445,12.237929344177246
2,458,5.524443626403809,0,9.282469749450684,7.035553455352783
2,459,2.600402593612671,0,13.180301666259766,14.753324508666992
2,460,9.467704772949219,0,3.555953025817871,11.857929229736328
2,461,5.610354423522949,0,0.0010509926360100508,5.618524551391602
2,462,4.3453874588012695,0,1.9212217330932617,3.094405174255371
2,463,8.165367126464844,0,1.037690281867981,11.035295486450195
2,464,5.229231834411621,0,0.5031619668006897,4.971805572509766
2,465,6.526367664337158,0,0.32616162300109863,8.272249221801758
2,466,3.2752435207366943,0,2.898484230041504,5.763181209564209
2,467,2.931943893432617,0,2.5918092727661133,6.312251091003418
2,468,3.069728374481201,0,3.3149502277374268,5.5935139656066895
2,469,4.178403854370117,0,5.557154655456543,8.985179901123047
2,470,5.765552997589111,0,1.628387689590454,7.338377952575684
2,471,3.8424553871154785,1,4.373466491699219,7.009725093841553
2,472,4.744886875152588,0,1.9956213235855103,6.83743953704834
2,473,9.986425399780273,0,8.891761779785156,16.771636962890625
2,474,2.8843271732330322,0,0.244685098528862,3.227997303009033
2,475,3.6650192737579346,0,3.635688066482544,7.901101112365723
2,476,3.091655969619751,0,1.0370382070541382,5.984001159667969
2,477,3.984591484069824,0,2.426337718963623,6.139450550079346
2,478,6.641976356506348,0,5.877668380737305,12.9168119430542
2,479,3.050194263458252,1,0.9494472742080688,6.154366493225098
2,480,9.67845344543457,0,2.233201742172241,11.924698829650879
2,481,7.538453102111816,0,2.5607922077178955,9.984931945800781
2,482,6.826231479644775,0,0.6381350755691528,7.203774452209473
2,483,3.110844612121582,0,1.354448676109314,5.201149940490723
2,484,2.696286201477051,0,2.06081485748291,4.685482978820801
2,485,1.109545111656189,1,5.219814777374268,4.311744689941406
2,486,1.143772006034851,1,5.943963050842285,14.772665023803711
2,487,6.829075813293457,0,4.676889419555664,10.883893013000488
2,488,6.38340950012207,0,0.022252045571804047,6.471803665161133
2,489,8.44269847869873,0,0.0335095189511776,8.671537399291992
2,490,4.294652938842773,0,3.7061281204223633,5.987407684326172
2,491,7.470865726470947,0,4.276615142822266,12.582098007202148
2,492,2.7704949378967285,0,0.43224287033081055,2.7766058444976807
2,493,3.6142725944519043,0,2.1198480129241943,8.021486282348633
2,494,5.459318161010742,0,2.4553091526031494,13.353795051574707
2,495,7.430004119873047,0,0.29940545558929443,9.259897232055664
2,496,8.386165618896484,0,0.884701669216156,11.442731857299805
2,497,5.515012264251709,0,0.4071105122566223,6.21005916595459
2,498,6.723137378692627,0,2.129204034805298,11.10159969329834
2,499,6.637046813964844,0,0.6125258207321167,7.054610252380371
2,500,8.967089653015137,0,8.21766471862793,14.224421501159668
2,501,7.189152717590332,0,0.24243992567062378,8.413622856140137
2,502,3.0322368144989014,0,7.050387859344482,7.465328693389893
2,503,3.0750982761383057,0,1.1679556369781494,4.635561943054199
2,504,5.112406253814697,0,3.3899035453796387,12.4331693649292
2,505,4.20236349105835,0,0.9174030423164368,6.286561965942383
2,506,6.26991605758667,0,0.5014610290527344,5.733461380004883
2,507,6.8163604736328125,0,3.6911752223968506,15.87563705444336
2,508,3.041119337081909,0,3.019732713699341,4.190755844116211
2,509,2.321845769882202,1,2.0349292755126953,5.836556911468506
2,510,2.423142194747925,1,0.0056764595210552216,2.440277099609375
2,511,7.2030816078186035,0,0.04810721427202225,7.483854293823242
3,0,5.584229946136475,0,7.425232410430908,9.991351127624512
3,1,1.979275107383728,0,10.648859977722168,15.046770095825195
3,2,1.7895605564117432,0,5.9608635902404785,5.528608798980713
3,3,0.8467514514923096,0,14.20391845703125,16.047748565673828
3,4,2.2355895042419434,1,3.5903894901275635,7.761404037475586
3,5,7.050151824951172,0,7.072257041931152,16.768171310424805
3,6,5.129205703735352,0,1.177278995513916,8.558213233947754
3,7,5.390453815460205,0,1.890505075454712,12.159552574157715
3,8,2.3736350536346436,0,1.8706951141357422,4.90077018737793
3,9,1.4742615222930908,0,5.493744373321533,6.946735858917236
3,10,1.8843215703964233,1,1.3655126094818115,2.125300884246826
3,11,0.8831754922866821,1,0.5964930057525635,0.9517687559127808
3,12,2.642174243927002,0,8.29929256439209,7.357290744781494
3,13,1.7848515510559082,0,0.5886634588241577,2.723240613937378
3,14,1.1590373516082764,1,0.6705345511436462,1.7781873941421509
3,15,2.3685197830200195,0,7.963317394256592,12.55238151550293
3,16,1.38388192653656,0,0.7359510064125061,3.6610262393951416
3,17,3.978896141052246,0,0.020773692056536674,4.068716526031494
3,18,0.454475462436676,1,0.020388316363096237,0.5290532112121582
3,19,1.61174476146698,0,0.9052279591560364,2.783064842224121
3,20,13.986366271972656,0,1.220584750175476,18.83000373840332
3,21,3.6010329723358154,0,0.7248494029045105,6.1590962409973145
3,22,2.5323891639709473,0,1.9129204750061035,4.355926513671875
3,23,2.2034857273101807,0,8.195281028747559,10.686710357666016
3,24,5.211222171783447,0,0.1720178872346878,6.0787506103515625
3,25,2.2495317459106445,1,0.15250113606452942,2.7066352367401123
3,26,4.0420427322387695,0,6.396825790405273,10.93814754486084
3,27,8.806857109069824,0,1.1180070638656616,11.452747344970703
3,28,3.798621416091919,0,0.6751959323883057,3.6865463256835938
3,29,2.8786814212799072,1,0.6258334517478943,2.3524389266967773
3,30,3.6789140701293945,0,4.970062255859375,4.305538654327393
3,31,6.7082319259643555,0,5.840422630310059,13.399858474731445
3,32,6.767427444458008,0,6.1685919761657715,14.683586120605469
3,33,4.553426265716553,0,0.08215579390525818,4.78169059753418
3,34,7.8094282150268555,0,1.0622693300247192,8.271710395812988
3,35,7.208012580871582,0,4.434658050537109,13.059576034545898
3,36,7.219696998596191,0,1.7719557285308838,5.944399833679199
3,37,6.369072914123535,0,1.2994332313537598,8.235051155090332
3,38,2.0438356399536133,0,1.1395102739334106,3.5570123195648193
3,39,3.151789426803589,0,9.33660888671875,7.524378299713135
3,40,2.924556255340576,0,0.9687811136245728,1.8426545858383179
3,41,2.5368423461914062,1,7.143151760101318,6.510591983795166
3,42,4.401391983032227,0,0.3340117037296295,5.0664963722229
3,43,4.755953788757324,0,3.956505060195923,9.181192398071289
3,44,6.664831638336182,0,0.9054486155509949,11.703462600708008
3,45,6.781051158905029,0,0.0023669579531997442,6.799135684967041
3,46,5.0408430099487305,0,1.289342999458313,3.4374775886535645
3,47,4.358066082000732,0,6.687680244445801,9.168440818786621
3,48,4.324974060058594,0,0.18520012497901917,4.744333267211914
3,49,5.044309616088867,0,3.2229835987091064,5.946263313293457
3,50,6.047379016876221,0,0.13156810402870178,6.620523452758789
3,51,4.317133903503418,0,0.6470845341682434,6.362668514251709
3,52,3.463628053665161,0,0.049522705376148224,3.662393569946289
3,53,4.28096866607666,0,0.37754982709884644,5.6433000564575195
3,54,3.6512274742126465,0,0.03535047173500061,3.7672653198242188
3,55,3.9652910232543945,1,2.4543190002441406,6.790033340454102
3,56,4.300215721130371,0,0.014148992486298084,4.3402485847473145
3,57,9.815803527832031,0,1.1821576356887817,13.658317565917969
3,58,10.534639358520508,0,0.033315714448690414,10.760649681091309
3,59,2.4174816608428955,0,1.0885872840881348,3.4086222648620605
3,60,5.469776153564453,0,1.8882046937942505,6.348611354827881
3,61,2.5186800956726074,0,1.510016918182373,3.2923743724823
3,62,4.225349426269531,0,4.961512088775635,10.685768127441406
3,63,5.462203025817871,0,3.185405969619751,11.411735534667969
3,64,3.5200412273406982,0,0.329501748085022,4.731707572937012
3,65,5.954876899719238,0,2.145642042160034,12.83753490447998
3,66,3.5566046237945557,0,1.4740811586380005,1.7068369388580322
3,67,2.9196221828460693,0,1.7750639915466309,2.7527341842651367
3,68,2.4142956733703613,1,0.3485630452632904,2.6858668327331543
3,69,8.637431144714355,0,0.9502489566802979,10.220396995544434
3,70,5.740730285644531,0,2.0453388690948486,9.122056007385254
3,71,3.7587950229644775,0,0.29798388481140137,4.856603622436523
3,72,2.569481372833252,0,4.914267063140869,9.217323303222656
3,73,3.382917881011963,0,12.026647567749023,13.341437339782715
3,74,2.7895522117614746,0,19.22570037841797,19.441247940063477
3,75,4.460626125335693,0,6.147507190704346,13.610457420349121
3,76,1.9045039415359497,1,4.182705879211426,6.431148529052734
3,77,2.588435173034668,0,1.5528559684753418,4.761512279510498
3,78,3.3251259326934814,0,5.540499687194824,6.131374359130859
3,79,4.868598937988281,0,7.917330741882324,6.892597198486328
3,80,6.325949192047119,0,0.02904801070690155,6.518217086791992
3,81,1.8357082605361938,1,3.2269864082336426,5.606142997741699
3,82,9.73910903930664,0,0.8862907290458679,9.946566581726074
3,83,1.4704457521438599,1,0.00018714107864070684,1.471400260925293
3,84,9.528267860412598,0,0.5671567320823669,11.2970552444458
3,85,3.6818430423736572,0,4.493460655212402,7.22507381439209
3,86,4.929124355316162,0,3.8295230865478516,9.970291137695312
3,87,3.225614070892334,0,4.321403980255127,9.000991821289062
3,88,4.869339466094971,0,7.386106491088867,9.90298080444336
3,89,8.650154113769531,0,7.510157047363464e-06,8.650243759155273
3,90,3.659013271331787,0,0.0028929547406733036,3.679741859436035
3,91,7.021914482116699,0,3.834965229034424,10.832267761230469
3,92,3.246396064758301,0,0.008663331158459187,3.2889492511749268
3,93,5.275939464569092,0,0.4060995876789093,6.572418689727783
3,94,4.912637710571289,0,2.975432872772217,7.977559566497803
3,95,8.044537544250488,0,0.5538769364356995,8.070301055908203
3,96,5.358899116516113,0,0.0003014348621945828,5.362022876739502
3,97,3.8971400260925293,0,5.656013011932373,12.065635681152344
3,98,11.253225326538086,0,3.198683261871338,14.211193084716797
3,99,6.259519577026367,0,0.21599315106868744,7.33982515335083
3,100,12.354979515075684,0,6.476288795471191,18.121707916259766
3,101,7.824994087219238,0,2.235261917114258,9.554306983947754
3,102,4.025496482849121,0,1.1485732793807983,7.006121635437012
3,103,5.581258773803711,0,5.5693359375,5.1385498046875
3,104,2.9584641456604004,0,7.159152030944824,6.836883544921875
3,105,2.3924522399902344,0,6.819226264953613,7.367574691772461
3,106,3.6451101303100586,0,1.601034164428711,5.535744667053223
3,107,4.220373153686523,0,0.016117166727781296,4.311478614807129
3,108,2.2402968406677246,0,0.018376221880316734,2.292692184448242
3,109,8.126960754394531,0,0.8848128914833069,10.685379981994629
3,110,2.7402172088623047,0,2.5273377895355225,3.278224229812622
3,111,3.121495246887207,0,0.7605712413787842,3.486975908279419
3,112,5.064027309417725,0,1.647520661354065,9.805851936340332
3,113,3.266092538833618,0,2.460482597351074,5.566897392272949
3,114,4.255294322967529,0,1.3052687644958496,6.484487533569336
3,115,6.591058254241943,0,0.22594809532165527,7.587077617645264
3,116,4.915681838989258,0,0.5446655750274658,7.6307854652404785
3,117,1.9115177392959595,1,4.8481621742248535,3.832990884780884
3,118,2.238039255142212,1,5.558722496032715,6.324246883392334
3,119,4.700855731964111,0,0.7265405058860779,7.230355262756348
3,120,3.347317934036255,1,6.030384063720703,6.603676795959473
3,121,4.024409770965576,0,15.47757625579834,11.465597152709961
3,122,6.187514305114746,0,0.7381465435028076,7.924622535705566
3,123,5.232647895812988,0,0.48339253664016724,7.587004661560059
3,124,7.204892158508301,0,7.30612325668335,12.906455039978027
3,125,8.339095115661621,0,4.223484992980957,7.130764484405518
3,126,7.040706634521484,0,1.8157161474227905,11.687469482421875
3,127,8.08338451385498,0,4.9235968589782715,8.926661491394043
3,128,2.6760077476501465,1,0.3593530058860779,1.5436735153198242
3,129,8.075688362121582,0,2.5383410453796387,9.253742218017578
3,130,15.747401237487793,0,0.002701682737097144,15.787216186523438
3,131,4.756989002227783,0,0.002100881887599826,4.76973295211792
3,132,7.435260772705078,0,0.37600383162498474,9.788010597229004
3,133,14.07738208770752,0,1.4906103610992432,17.064546585083008
3,134,3.204436779022217,0,5.743509292602539,7.501794338226318
3,135,2.2837867736816406,1,2.726968288421631,9.459264755249023
3,136,3.1872711181640625,0,3.3218600749969482,3.715646266937256
3,137,7.452312469482422,0,3.6872148513793945,11.78927230834961
3,138,8.667189598083496,0,2.6176273822784424,11.910582542419434
3,139,3.675055742263794,0,0.9551107883453369,4.633152961730957
3,140,5.492781639099121,0,2.347477912902832,6.798060417175293
3,141,5.704870223999023,0,0.029408767819404602,5.899810314178467
3,142,5.283393383026123,0,1.4312845468521118,8.669001579284668
3,143,8.706162452697754,0,0.016370393335819244,8.885527610778809
3,144,4.878231048583984,0,0.002144301077350974,4.893686771392822
3,145,11.731316566467285,0,0.00041976699139922857,11.735992431640625
3,146,4.650953769683838,0,7.312434196472168,16.09082794189453
3,147,8.547333717346191,0,0.1821025311946869,9.271203994750977
3,148,6.845633506774902,0,2.7879648208618164,6.352792739868164
3,149,9.459878921508789,0,2.9428164958953857,12.846134185791016
3,150,5.213921070098877,0,1.470045804977417,7.501762866973877
3,151,11.073963165283203,0,0.02740699052810669,11.269025802612305
3,152,15.137274742126465,0,2.0959835052490234,15.292171478271484
3,153,8.214170455932617,0,1.1796748638153076,12.091444969177246
3,154,4.659726142883301,0,0.20992746949195862,5.156732559204102
3,155,5.483023166656494,1,1.023880124092102,0.8320654630661011
3,156,4.957695484161377,0,3.0468802452087402,6.8455705642700195
3,157,8.364598274230957,0,0.042316239327192307,8.663880348205566
3,158,4.839038372039795,0,2.7418097943154862e-06,4.839075088500977
3,159,3.721294641494751,0,3.4921538829803467,4.506619453430176
3,160,6.866696357727051,0,2.3129098415374756,12.692014694213867
3,161,5.5547003746032715,0,2.5904722213745117,3.388975143432617
3,162,5.514599323272705,0,3.091888904571533,12.931385040283203
3,163,6.264618873596191,0,0.07398813217878342,6.538336753845215
3,164,4.571098804473877,0,0.8545551896095276,6.778435707092285
3,165,4.528053283691406,0,0.6584206223487854,5.2735748291015625
3,166,2.7385551929473877,0,1.29817795753479,4.154545783996582
3,167,3.1515462398529053,0,5.6258955001831055,8.154448509216309
3,168,8.833009719848633,0,2.4947080612182617,13.158838272094727
3,169,11.975271224975586,0,0.05168113112449646,12.3445405960083
3,170,3.135073184967041,0,1.7263154983520508,5.451543807983398
3,171,7.214667797088623,0,0.7783287167549133,8.744400978088379
3,172,5.714016437530518,0,0.006686100736260414,5.766432762145996
3,173,9.302491188049316,0,0.014877558685839176,9.438851356506348
3,174,8.476191520690918,0,0.0003541081096045673,8.481111526489258
3,175,2.2952358722686768,0,6.818538531661034e-05,2.295927047729492
3,176,4.733644008636475,0,0.7946219444274902,6.497767448425293
3,177,4.825263977050781,0,4.419426918029785,3.989558219909668
3,178,7.507164478302002,0,0.33761894702911377,9.268668174743652
3,179,10.335268020629883,0,0.003167257411405444,10.369352340698242
3,180,4.908335208892822,0,0.0030553110409528017,4.922307014465332
3,181,10.57944107055664,0,0.13717764616012573,11.47370719909668
3,182,5.132148742675781,0,0.13725705444812775,5.505577564239502
3,183,6.412087440490723,0,6.23858642578125,10.600780487060547
3,184,6.399751663208008,0,0.5050457715988159,7.046195030212402
3,185,5.371920585632324,0,0.9125196933746338,7.039863109588623
3,186,9.41712760925293,0,0.2253347933292389,10.544473648071289
3,187,3.340256452560425,1,2.115755796432495,12.256579399108887
3,188,3.6610372066497803,0,0.5719643831253052,4.717363357543945
3,189,10.098461151123047,0,0.0017263285117223859,10.1137113571167
3,190,9.779318809509277,0,0.8135048151016235,12.174301147460938
3,191,7.147446155548096,0,0.1318511813879013,7.380728721618652
3,192,8.236376762390137,0,0.025425951927900314,8.3951997756958
3,193,4.9540886878967285,0,1.246157169342041,4.9869561195373535
3,194,3.515017032623291,0,2.661195993423462,5.108234405517578
3,195,1.0060741901397705,1,18.184219360351562,11.412568092346191
3,196,4.241620063781738,0,20.404294967651367,9.932644844055176
3,197,3.760885715484619,0,2.1309423446655273,7.738048553466797
3,198,2.8507819175720215,0,0.16321991384029388,3.4814438819885254
3,199,1.9944813251495361,0,6.844682693481445,9.717400550842285
3,200,4.978451728820801,0,3.3954896926879883,7.416701316833496
3,201,5.32868766784668,0,6.789698600769043,5.689558029174805
3,202,3.0154945850372314,0,0.3744547963142395,4.026873588562012
3,203,4.561563968658447,0,1.8264269828796387,6.901294708251953
3,204,5.962778568267822,0,0.5948556065559387,8.790678977966309
3,205,0.9939830899238586,1,0.005639713257551193,1.0120820999145508
3,206,4.770898342132568,0,1.659749984741211,5.312584400177002
3,207,2.6122190952301025,0,5.435972213745117,8.927946090698242
3,208,5.149917125701904,0,0.49368834495544434,6.636019229888916
3,209,1.959851622581482,1,6.423795700073242,7.218971252441406
3,210,4.496999740600586,0,1.5074537992477417,5.07902193069458
3,211,4.485289573669434,0,5.397509574890137,11.187223434448242
3,212,4.686402797698975,0,5.060606956481934,12.36561393737793
3,213,5.776347637176514,0,1.32539963722229,7.320468902587891
3,214,3.5878729820251465,0,3.60671329498291,6.64016056060791
3,215,6.991543292999268,0,3.021622657775879,10.254623413085938
3,216,11.098851203918457,0,0.11585454642772675,11.892572402954102
3,217,5.017434597015381,0,0.5618906021118164,5.992252349853516
3,218,9.637632369995117,0,4.60031795501709,13.584298133850098
3,219,4.944987773895264,1,13.538578033447266,15.782522201538086
3,220,2.3820788860321045,0,20.323959350585938,15.529568672180176
3,221,2.0033490657806396,0,4.10670280456543,7.721800327301025
3,222,5.61704158782959,0,11.497756958007812,10.917598724365234
3,223,5.991730213165283,0,3.2645137310028076,13.923813819885254
3,224,7.244075775146484,0,1.4584366083145142,11.284217834472656
3,225,9.129021644592285,0,0.3173954486846924,11.297228813171387
3,226,5.059970378875732,0,3.3848166465759277,7.3240275382995605
3,227,3.1228442192077637,0,2.934936285018921,9.404029846191406
3,228,1.3520643711090088,1,16.69020652770996,14.625117301940918
3,229,2.233164072036743,0,19.02536964416504,19.4888973236084
3,230,3.9142770767211914,0,6.592398643493652,9.281941413879395
3,231,1.8710623979568481,0,0.8660502433776855,3.7206075191497803
3,232,6.114509582519531,0,0.0485539436340332,6.3450846672058105
3,233,1.3009612560272217,1,0.02010771445930004,1.3739266395568848
3,234,3.366971015930176,0,4.669795036315918,5.895319938659668
3,235,3.90208101272583,0,3.8396317958831787,10.968149185180664
3,236,9.180082321166992,0,5.4208574295043945,9.840015411376953
3,237,2.1787972450256348,1,0.5481940507888794,0.14207470417022705
3,238,7.12434196472168,0,1.0265966653823853,11.849515914916992
3,239,10.588404655456543,0,0.11233066767454147,10.978918075561523
3,240,6.871884346008301,0,0.2553247809410095,8.46484375
3,241,7.416118144989014,0,1.3116728067398071,11.045272827148438
3,242,9.825238227844238,0,0.020492732524871826,9.984734535217285
3,243,0.5606056451797485,1,0.0009978797752410173,0.5660300850868225
3,244,9.68108081817627,0,4.0411134250462055e-05,9.681584358215332
3,245,6.891225814819336,0,0.06384151428937912,7.268849849700928
3,246,4.380730628967285,0,2.0431036949157715,2.2541184425354004
3,247,7.165024757385254,0,2.9925622940063477,12.208277702331543
3,248,5.946229457855225,0,0.010644563473761082,6.008725166320801
3,249,8.890746116638184,0,0.018162019550800323,9.075088500976562
3,250,6.1964802742004395,0,0.33482927083969116,6.896700859069824
3,251,10.22065544128418,0,0.30283597111701965,12.270583152770996
3,252,9.153409957885742,0,0.0032182352151721716,9.176260948181152
3,253,5.542128086090088,0,0.10479767620563507,5.709980010986328
3,254,8.870686531066895,0,0.001527334563434124,8.879097938537598
3,255,1.8531280755996704,0,0.014065304771065712,1.8776503801345825
3,256,6.885141372680664,0,4.132236957550049,8.483139038085938
3,257,8.748035430908203,0,0.6140158176422119,12.562372207641602
3,258,6.597649574279785,0,0.007886108011007309,6.655425071716309
3,259,10.092203140258789,0,0.02383205108344555,10.372272491455078
3,260,7.677757263183594,0,0.09354988485574722,8.117281913757324
3,261,4.816469192504883,0,0.7855138778686523,7.506866455078125
3,262,0.9608983397483826,1,7.803842067718506,7.119111061096191
3,263,10.750279426574707,0,1.642459750175476,14.948820114135742
3,264,3.9361531734466553,0,1.5691344738006592,5.773899078369141
3,265,6.527906894683838,0,12.236218452453613,12.718585968017578
3,266,7.445940971374512,0,0.31937724351882935,8.741281509399414
3,267,8.793569564819336,0,0.002594559220597148,8.821113586425781
3,268,1.2588030099868774,1,0.0006677066558040679,1.262722373008728
3,269,3.6462278366088867,0,1.4368302822113037,5.375851154327393
3,270,3.807156562805176,0,5.722342014312744,9.58718490600586
3,271,6.487770080566406,0,0.9778519868850708,13.526433944702148
3,272,9.17579460144043,0,0.0043162996880710125,9.207982063293457
3,273,6.078586578369141,0,1.966933996300213e-05,6.078850746154785
3,274,8.52463150024414,0,4.4803032875061035,8.373689651489258
3,275,5.868793487548828,0,6.5775041580200195,11.824539184570312
3,276,5.032212257385254,0,0.03563062474131584,5.143723487854004
3,277,4.830678462982178,0,0.5315771698951721,5.4796905517578125
3,278,7.555083751678467,0,0.6215773820877075,9.344942092895508
3,279,7.374718189239502,0,1.2412958145141602,11.083341598510742
3,280,7.0971455574035645,0,4.445276260375977,6.626025199890137
3,281,5.589261054992676,0,0.6024105548858643,7.945919036865234
3,282,6.933928966522217,0,0.04368243366479874,7.064197540283203
3,283,8.946562767028809,0,0.7014120221138,11.925829887390137
3,284,7.0251851081848145,0,1.1197360754013062,9.237788200378418
3,285,10.819818496704102,0,7.976706504821777,10.865178108215332
3,286,7.10878849029541,0,2.332879066467285,11.109532356262207
3,287,6.928140163421631,0,0.07103908061981201,6.997858047485352
3,288,13.233784675598145,0,0.0011893587652593851,13.243953704833984
3,289,4.12113618850708,0,1.0917243957519531,4.976881980895996
3,290,2.1596486568450928,0,4.540174961090088,7.779582500457764
3,291,1.7832415103912354,1,13.473614692687988,16.38480567932129
3,292,2.053493022918701,0,21.298864364624023,20.038530349731445
3,293,2.2957780361175537,0,3.365431070327759,2.2721447944641113
3,294,4.4182562828063965,0,8.976482391357422,10.6907320022583
3,295,2.3413941860198975,0,1.2611750364303589,5.0924835205078125
3,296,1.2634650468826294,1,0.035315029323101044,1.1938518285751343
3,297,1.5452289581298828,1,0.5554307103157043,2.4890146255493164
3,298,1.6728150844573975,0,2.6000022888183594,3.1406197547912598
3,299,3.8371877670288086,0,1.6631120443344116,7.738020896911621
3,300,4.367909908294678,0,0.015224559232592583,4.492657661437988
3,301,5.213703155517578,0,0.18404467403888702,5.955945014953613
3,302,2.915562391281128,1,0.2799857258796692,2.890120506286621
3,303,5.5974955558776855,0,0.5706344842910767,7.649466037750244
3,304,9.547971725463867,0,2.624502420425415,12.456703186035156
3,305,11.867856979370117,0,0.0076560406014323235,11.942440032958984
3,306,4.229408264160156,0,11.931192398071289,18.915924072265625
3,307,3.9805831909179688,0,2.4916162490844727,7.142378807067871
3,308,10.839005470275879,0,0.06595132499933243,11.254493713378906
3,309,4.541548728942871,0,0.11553683876991272,5.234131813049316
3,310,3.9715352058410645,0,1.9733589887619019,8.215274810791016
3,311,4.716671943664551,0,5.310112476348877,7.43837833404541
3,312,3.3924427032470703,0,4.151110649108887,4.090548515319824
3,313,4.490877628326416,0,0.179449200630188,5.080327033996582
3,314,2.621588706970215,1,5.9474101066589355,5.629082202911377
3,315,3.714909553527832,1,8.532337188720703,10.158344268798828
3,316,6.383142471313477,0,10.692527770996094,12.201549530029297
3,317,5.323592185974121,0,1.2335249185562134,7.045909881591797
3,318,3.1440327167510986,1,0.08139245957136154,3.2953262329101562
3,319,6.805127143859863,0,0.2753113806247711,7.320680141448975
3,320,6.868907928466797,0,0.2594901919364929,6.763533592224121
3,321,4.030828475952148,0,0.036408428102731705,4.237033367156982
3,322,11.832891464233398,0,0.002209009835496545,11.858847618103027
3,323,4.05219841003418,0,0.0006574614671990275,4.056415557861328
3,324,4.911377906799316,0,0.0006935574929229915,4.917206764221191
3,325,6.984351634979248,0,0.0007043979712761939,6.986999988555908
3,326,3.1353366374969482,0,1.4120142459869385,8.331093788146973
3,327,3.3077664375305176,0,8.1278715133667,9.646289825439453
3,328,5.909319877624512,0,0.012474488466978073,5.984711170196533
3,329,2.078829050064087,0,1.3370425701141357,3.3031625747680664
3,330,5.790340423583984,0,9.769780158996582,12.794991493225098
3,331,5.4068522453308105,0,0.4401013255119324,6.94133186340332
3,332,2.9502322673797607,1,8.563220024108887,10.752094268798828
3,333,7.318299293518066,0,3.3551721572875977,12.667388916015625
3,334,4.598387241363525,0,2.1240248680114746,8.934338569641113
3,335,4.833195209503174,0,1.3464012145996094,7.60433292388916
3,336,6.911807060241699,0,2.3326516151428223,8.079364776611328
3,337,4.658681869506836,0,1.973076581954956,8.351900100708008
3,338,7.384579658508301,0,0.3459662199020386,9.423762321472168
3,339,8.18371868133545,0,2.3627405166625977,11.871356010437012
3,340,6.7348551750183105,0,0.007281905505806208,6.792024612426758
3,341,5.52742862701416,0,1.4605393409729004,9.752279281616211
3,342,4.098891735076904,0,1.8999217748641968,8.515600204467773
3,343,7.755862712860107,0,0.8857458829879761,9.368209838867188
3,344,10.6123046875,0,0.4939841330051422,10.957870483398438
3,345,4.731181621551514,0,1.425764560699463,6.8732709884643555
3,346,5.570333003997803,0,0.8172528743743896,9.560049057006836
3,347,5.5227203369140625,0,5.266778945922852,12.597561836242676
3,348,9.044112205505371,0,0.0028827323112636805,9.057897567749023
3,349,2.9242799282073975,0,0.019462687894701958,2.9538707733154297
3,350,5.647128582000732,0,0.7692925333976746,9.010241508483887
3,351,11.11227798461914,0,0.046654559671878815,11.62605094909668
3,352,3.676755905151367,0,4.158193588256836,12.544986724853516
3,353,4.990407943725586,0,0.0016444505890831351,5.006340026855469
3,354,6.04484748840332,0,0.0032294047996401787,6.075472831726074
3,355,6.440027713775635,0,0.21015144884586334,6.961381912231445
3,356,6.430576324462891,0,0.012152440845966339,6.528787612915039
3,357,3.975893974304199,0,0.8695740103721619,7.0737714767456055
3,358,4.341381549835205,0,2.3731415271759033,3.8512816429138184
3,359,5.044398784637451,0,2.0851047039031982,8.600404739379883
3,360,7.107548713684082,0,0.07462936639785767,7.627054214477539
3,361,5.5488505363464355,0,3.632073402404785,7.114128112792969
3,362,6.309902667999268,0,0.004697477910667658,6.3555908203125
3,363,5.494712829589844,0,5.129148483276367,7.288002967834473
3,364,9.114937782287598,0,1.1179364919662476,7.862501621246338
3,365,11.653176307678223,0,0.03216236084699631,11.96827507019043
3,366,3.985353708267212,0,0.0074036745354533195,4.015534400939941
3,367,7.154758930206299,0,14.529126167297363,9.614760398864746
3,368,15.419415473937988,0,6.045719146728516,7.12664794921875
3,369,9.611913681030273,0,0.06540153920650482,9.978727340698242
3,370,18.416439056396484,0,0.01593826338648796,18.572757720947266
3,371,4.646751880645752,0,0.03370559215545654,4.779901504516602
3,372,7.640379905700684,0,0.1196197122335434,7.805582523345947
3,373,5.776980876922607,0,2.065877676010132,9.971651077270508
3,374,8.379193305969238,0,2.168043613433838,8.929184913635254
3,375,3.8408737182617188,0,1.9561717510223389,4.092451095581055
3,376,5.177978515625,0,3.59146785736084,9.679965019226074
3,377,5.530519485473633,0,0.5636726021766663,8.686595916748047
3,378,4.268552780151367,0,9.618250846862793,12.750787734985352
3,379,3.865354061126709,0,7.230230331420898,7.71980094909668
3,380,6.253051280975342,0,3.4318084716796875,8.057636260986328
3,381,2.557616710662842,1,0.0039130086079239845,2.5709965229034424
3,382,7.0946574211120605,0,2.382157325744629,12.114781379699707
3,383,1.6380647420883179,1,0.2750406861305237,1.3779795169830322
3,384,2.571169376373291,1,0.4155499041080475,2.587627649307251
3,385,9.296932220458984,0,0.8233680129051208,11.852598190307617
3,386,6.37105655670166,0,4.3445916175842285,6.6794281005859375
3,387,4.55430793762207,0,0.5323737859725952,5.953289985656738
3,388,7.003679275512695,0,4.707128524780273,13.96930980682373
3,389,6.603914260864258,0,3.609731435775757,7.145641803741455
3,390,3.2889211177825928,0,6.681041240692139,10.858245849609375
3,391,10.8572998046875,0,0.06341644376516342,11.247100830078125
3,392,1.4595197439193726,0,0.011251216754317284,1.5216338634490967
3,393,5.075992107391357,0,0.7663723826408386,6.428944110870361
3,394,3.8849968910217285,1,8.662029266357422,9.229483604431152
3,395,8.020307540893555,0,6.380235195159912,8.745115280151367
3,396,9.306893348693848,0,1.45086669921875,18.219724655151367
3,397,3.9648404121398926,0,0.10852527618408203,4.229014873504639
3,398,6.203479766845703,0,0.0002867764269467443,6.205353260040283
3,399,3.308183193206787,0,2.778587579727173,5.452975273132324
3,400,4.989259243011475,0,10.501401901245117,14.118818283081055
3,401,4.8729448318481445,0,4.712897300720215,9.797247886657715
3,402,6.386219501495361,0,2.750511407852173,9.77160930633545
3,403,7.228448867797852,0,5.269096374511719,14.143035888671875
3,404,6.595407962799072,0,0.5476359128952026,6.018671035766602
3,405,5.013717174530029,0,6.2530927658081055,8.013365745544434
3,406,9.873320579528809,0,0.3512418866157532,11.930885314941406
3,407,6.898222923278809,0,6.4180426597595215,5.416111946105957
3,408,6.373244762420654,0,4.148247718811035,9.672030448913574
3,409,4.1692423820495605,0,2.45066499710083,10.329571723937988
3,410,8.199560165405273,0,0.0542215034365654,8.530585289001465
3,411,3.315673828125,0,7.622126579284668,7.111725330352783
3,412,2.0937373638153076,1,0.16154047846794128,2.261284828186035
3,413,6.932292461395264,0,0.009489311836659908,7.0196852684021
3,414,9.907261848449707,0,0.001029200037010014,9.918275833129883
3,415,8.478694915771484,0,0.9272524118423462,8.708824157714844
3,416,7.562200546264648,0,0.0012691308511421084,7.57655143737793
3,417,13.183259963989258,0,0.0003738896339200437,13.187454223632812
3,418,12.211213111877441,0,0.01772843860089779,12.358779907226562
3,419,3.7323825359344482,0,0.07131673395633698,3.9784061908721924
3,420,8.001631736755371,0,0.038684550672769547,8.314417839050293
3,421,6.156383037567139,0,0.03571540489792824,6.375586986541748
3,422,5.360894203186035,0,0.5283395648002625,7.1576972007751465
3,423,7.8777055740356445,0,1.108811616897583,9.317176818847656
3,424,4.755311012268066,0,6.6223578453063965,7.425848007202148
3,425,4.101787567138672,0,2.4407758712768555,8.490907669067383
3,426,13.759246826171875,0,0.005412566941231489,13.824431419372559
3,427,10.57109260559082,0,0.6390730142593384,17.98725128173828
3,428,2.7425999641418457,0,0.3712742328643799,3.062589645385742
3,429,8.265852928161621,0,0.042808279395103455,8.642693519592285
3,430,5.0966620445251465,0,0.006972623988986015,5.156363487243652
3,431,6.486898422241211,0,0.10125458985567093,7.131775856018066
3,432,3.5330402851104736,0,1.2262598276138306,8.70857048034668
3,433,9.068868637084961,0,11.967568397521973,11.459098815917969
3,434,1.8224372863769531,0,20.63939094543457,17.979881286621094
3,435,4.3411078453063965,0,8.885946273803711,13.229035377502441
3,436,4.1676483154296875,0,1.5801770687103271,7.921967506408691
3,437,7.245182037353516,0,0.9444313645362854,8.030227661132812
3,438,5.132002353668213,0,4.752053260803223,12.875611305236816
3,439,5.49268102645874,0,2.434000015258789,5.470382213592529
3,440,9.540759086608887,0,1.0924227237701416,7.571367263793945
3,441,12.772490501403809,0,0.0421842485666275,13.138813972473145
3,442,0.19108521938323975,1,0.007298710290342569,0.1973910629749298
3,443,5.5085673332214355,0,0.8421911597251892,7.9574503898620605
3,444,4.9321699142456055,0,3.264961004257202,4.796385765075684
3,445,5.496712684631348,0,8.510452270507812,9.90299129486084
3,446,7.504732131958008,0,0.008028734475374222,7.539842128753662
3,447,5.962316036224365,0,3.815708637237549,13.65141487121582
3,448,3.5638740062713623,0,0.901755154132843,3.2516520023345947
3,449,3.3723766803741455,0,9.935112953186035,14.148155212402344
3,450,10.244302749633789,0,0.031774766743183136,10.620107650756836
3,451,6.675623416900635,0,0.024020720273256302,6.821805000305176
3,452,6.999915599822998,0,0.008053449913859367,7.037652015686035
3,453,7.126625061035156,0,0.06520868092775345,7.43837833404541
3,454,3.064790964126587,1,0.8258823156356812,2.251969575881958
3,455,10.720599174499512,0,3.6519784927368164,16.17377471923828
3,456,4.180767059326172,0,4.0039520263671875,6.442041397094727
3,457,2.8815479278564453,0,3.7133243083953857,4.302443981170654
3,458,2.0740435123443604,0,2.8383712768554688,8.219355583190918
3,459,4.704383373260498,0,0.02085004933178425,4.794183731079102
3,460,2.3821053504943848,0,11.249287605285645,10.190934181213379
3,461,5.864779949188232,0,1.063147783279419,11.772663116455078
3,462,7.326742649078369,0,4.6478681564331055,12.53864860534668
3,463,5.691665172576904,0,2.6516501903533936,6.636929035186768
3,464,5.307572364807129,0,0.04672623798251152,5.567371368408203
3,465,8.022031784057617,0,0.35606661438941956,9.6060152053833
3,466,4.5186967849731445,0,5.224239826202393,8.169754981994629
3,467,7.826170444488525,0,0.02052706852555275,8.004642486572266
3,468,6.719231128692627,0,4.255699157714844,10.652159690856934
3,469,6.2751688957214355,0,0.011500492691993713,6.35504150390625
3,470,3.5812947750091553,0,0.001976442988961935,3.593801498413086
3,471,6.085019588470459,0,0.42236000299453735,6.824979782104492
3,472,3.512233257293701,0,0.816109836101532,4.579226493835449
3,473,4.771580696105957,0,2.686711311340332,9.85759162902832
3,474,3.2719931602478027,0,5.681532859802246,7.618924140930176
3,475,6.990810394287109,0,0.743763267993927,11.427090644836426
3,476,3.9550540447235107,0,0.6638655066490173,5.661264419555664
3,477,5.370326995849609,0,1.2392325401306152,10.349532127380371
3,478,3.271973133087158,0,2.721356153488159,4.704639434814453
3,479,5.106009483337402,0,7.349173545837402,11.167078971862793
3,480,4.568402290344238,0,5.159031867980957,7.898385047912598
3,481,6.676061630249023,0,3.117161750793457,5.386124610900879
3,482,7.076943874359131,0,0.04689471423625946,7.307500839233398
3,483,9.26589298248291,0,0.05340059474110603,9.559859275817871
3,484,8.118438720703125,0,3.113067626953125,13.73967456817627
3,485,5.8493170738220215,0,0.025869568809866905,5.952664375305176
3,486,8.270136833190918,0,0.9012961983680725,11.626976013183594
3,487,7.863185882568359,0,0.0014281797921285033,7.870307922363281
3,488,0.6179754137992859,1,0.0004654039512388408,0.6211920380592346
3,489,7.394842147827148,0,0.245747908949852,8.376986503601074
3,490,5.997062683105469,0,1.3675349950790405,6.108394145965576
3,491,4.846552848815918,0,4.561924934387207,7.097202301025391
3,492,9.883024215698242,0,7.649045944213867,14.278691291809082
3,493,3.1207480430603027,1,4.060874938964844,8.380270957946777
3,494,6.726496696472168,0,0.01776474341750145,6.8553056716918945
3,495,2.1409430503845215,1,0.5407425761222839,1.6045504808425903
3,496,5.662538051605225,0,3.398554801940918,8.771048545837402
3,497,8.916728973388672,0,0.0005440423847176135,8.923171043395996
3,498,14.499526977539062,0,1.0586283206939697,14.442682266235352
3,499,4.497091293334961,0,2.2397916316986084,8.891353607177734
3,500,6.095839977264404,0,1.7011280059814453,11.451020240783691
3,501,8.926887512207031,0,0.24843145906925201,9.170526504516602
3,502,6.416772842407227,0,0.11374306678771973,6.938505172729492
3,503,5.616960525512695,0,0.18991345167160034,6.761757850646973
3,504,2.3479785919189453,0,1.4692569971084595,5.979962348937988
3,505,3.4509658813476562,1,13.478316307067871,14.486201286315918
3,506,1.504348874092102,0,20.530914306640625,18.379390716552734
3,507,1.7199138402938843,0,10.213075637817383,9.307870864868164
3,508,1.701796293258667,0,3.160431385040283,6.5554914474487305
3,509,4.439537048339844,0,2.5720441341400146,2.5043442249298096
3,510,2.859642267227173,1,6.470531940460205,8.837064743041992
3,511,1.0798900127410889,1,0.49939069151878357,1.118765950202942
4,0,5.533309459686279,0,8.42737102508545,14.796847343444824
4,1,2.097109079360962,1,0.3836016058921814,1.4516018629074097
4,2,2.608267068862915,0,11.774621963500977,10.590351104736328
4,3,2.4024462699890137,0,6.290092468261719,7.4278998374938965
4,4,1.7966502904891968,1,1.710384488105774,2.8572802543640137
4,5,2.622654914855957,0,10.458550453186035,10.379833221435547
4,6,1.663137435913086,1,0.5085321664810181,1.1392706632614136
4,7,8.32148265838623,0,0.25702372193336487,8.904515266418457
4,8,11.585148811340332,0,0.17476695775985718,12.200246810913086
4,9,2.1967146396636963,0,4.998232841491699,3.0795021057128906
4,10,3.168196201324463,0,4.540342330932617,7.173222064971924
4,11,1.8952339887619019,0,15.15661907196045,16.757646560668945
4,12,6.3055596351623535,0,5.122393608093262,11.048515319824219
4,13,4.605184555053711,0,0.040093161165714264,4.804513454437256
4,14,1.8865209817886353,0,2.3858728408813477,3.898465394973755
4,15,4.362078666687012,0,3.8194499015808105,8.799151420593262
4,16,3.1319580078125,0,2.976428508758545,6.511817455291748
4,17,8.994372367858887,0,2.038172721862793,14.151902198791504
4,18,5.6880269050598145,0,2.8026492595672607,13.570823669433594
4,19,3.34503173828125,0,1.7533830404281616,2.791055202484131
4,20,3.032087564468384,0,2.283512830734253,8.331842422485352
4,21,6.855461120605469,0,5.075847625732422,9.274060249328613
4,22,6.992036819458008,0,0.698471188545227,8.730152130126953
4,23,5.706057071685791,0,0.23112505674362183,6.927454948425293
4,24,3.8330564498901367,0,1.0710934400558472,3.246100902557373
4,25,6.857118606567383,0,1.189819097518921,5.360380172729492
4,26,11.489686012268066,0,2.307080030441284,14.842061042785645
4,27,10.35676383972168,0,0.08880279213190079,11.168011665344238
4,28,4.6471848487854,0,0.0016212427290156484,4.6577067375183105
4,29,3.8055248260498047,0,0.4338986575603485,4.299680709838867
4,30,5.459840297698975,0,0.71021568775177,6.180733680725098
4,31,2.2956130504608154,1,4.706346035003662,10.021295547485352
4,32,5.865505695343018,0,12.226750373840332,11.555673599243164
4,33,3.407193422317505,0,20.134674072265625,15.367166519165039
4,34,2.305973768234253,0,9.968385696411133,9.594316482543945
4,35,2.3289313316345215,0,8.37491512298584,10.71670913696289
4,36,3.318366527557373,0,3.8740978240966797,5.50766658782959
4,37,2.8267710208892822,0,1.263447642326355,7.24319314956665
4,38,1.7535187005996704,0,2.0148766040802,7.828354358673096
4,39,1.9911713600158691,0,10.49666690826416,13.769607543945312
4,40,2.3788576126098633,0,18.449289321899414,17.416017532348633
4,41,2.1195082664489746,0,6.297347068786621,10.37240219116211
4,42,5.6038031578063965,0,0.23954182863235474,7.415759563446045
4,43,9.840688705444336,0,4.536502838134766,8.359158515930176
4,44,5.263581275939941,0,1.6012470722198486,8.448017120361328
4,45,9.383404731750488,0,0.0028802361339330673,9.408247947692871
4,46,2.646599769592285,0,7.862371444702148,7.319709300994873
4,47,3.9303910732269287,0,2.1641626358032227,8.625946044921875
4,48,5.585818767547607,0,0.13870413601398468,6.2932353019714355
4,49,4.364189624786377,0,0.6647366881370544,4.880278587341309
4,50,4.032430648803711,0,0.008538879454135895,4.054344177246094
4,51,5.463187217712402,0,1.4158591032028198,2.707831382751465
4,52,6.817068099975586,0,3.6396682262420654,10.583040237426758
4,53,1.6862766742706299,0,2.5203099250793457,3.4975759983062744
4,54,2.1970396041870117,0,4.58076810836792,4.376308441162109
4,55,5.083815574645996,0,4.670078277587891,4.660223007202148
4,56,1.0939245223999023,0,3.376948118209839,4.712861061096191
4,57,5.906645774841309,0,2.385745048522949,8.914948463439941
4,58,3.6294991970062256,0,4.4606499671936035,8.308877944946289
4,59,4.082688808441162,0,0.007600083015859127,4.136857986450195
4,60,5.979250431060791,0,0.08236803114414215,6.370133399963379
4,61,4.629178524017334,0,0.19190751016139984,5.153931617736816
4,62,10.512734413146973,0,0.16335032880306244,11.766355514526367
4,63,10.469002723693848,0,0.8825147747993469,12.209176063537598
4,64,5.894314289093018,0,0.023423513397574425,6.111234664916992
4,65,3.4453258514404297,0,0.0012242449447512627,3.4528748989105225
4,66,7.041327953338623,0,0.007477509789168835,7.095389366149902
4,67,7.882454872131348,0,0.2252991944551468,9.054254531860352
4,68,2.553776502609253,0,0.001321991323493421,2.5627973079681396
4,69,2.340951442718506,0,0.000631848000921309,2.3441758155822754
4,70,2.7066609859466553,0,0.3879441022872925,3.2299113273620605
4,71,8.20068645477295,0,0.001848180778324604,8.21483325958252
4,72,1.322936773300171,1,0.0002975021197926253,1.3248329162597656
4,73,1.0353243350982666,1,1.9907753085135482e-05,1.0354478359222412
4,74,5.464383125305176,0,0.0004220310365781188,5.468379020690918
4,75,5.814715385437012,0,1.439086675643921,4.920014381408691
4,76,3.9908549785614014,0,0.9925766587257385,8.246788024902344
4,77,9.13192081451416,0,1.7290537357330322,9.280638694763184
4,78,10.007941246032715,0,0.8001828193664551,10.312553405761719
4,79,6.210280418395996,0,0.0110595328733325,6.248706817626953
4,80,10.677165031433105,0,4.528881549835205,13.102178573608398
4,81,6.568057537078857,0,4.815939246327616e-05,6.568817138671875
4,82,4.714107990264893,0,0.023695386946201324,4.829140663146973
4,83,6.587717533111572,0,0.43020597100257874,5.477578163146973
4,84,4.377092361450195,0,1.0352896451950073,6.540639400482178
4,85,6.784724712371826,0,0.003238197648897767,6.810741424560547
4,86,7.422356128692627,0,0.9032676219940186,7.36663818359375
4,87,11.290641784667969,0,0.00039867559098638594,11.296075820922852
4,88,0.5330812335014343,1,3.731181277544238e-05,0.5333132147789001
4,89,4.586999416351318,0,2.5861387252807617,8.00809383392334
4,90,2.863149404525757,0,0.3532414436340332,3.9975593090057373
4,91,7.055124759674072,0,0.9627378582954407,10.84903335571289
4,92,8.276676177978516,0,0.8725337386131287,10.044715881347656
4,93,6.677693843841553,0,1.597391747054644e-05,6.677838325500488
4,94,2.5781633853912354,1,0.05106476694345474,2.700805902481079
4,95,8.14144515991211,0,6.0995869636535645,9.47734260559082
4,96,10.594565391540527,0,1.9661102294921875,12.584844589233398
4,97,5.446259498596191,0,1.1188535690307617,5.58662748336792
4,98,5.756887435913086,0,2.2279977798461914,6.417298316955566
4,99,2.685347080230713,1,7.8816094398498535,11.392590522766113
4,100,1.1454495191574097,1,0.009278865531086922,1.1705981492996216
4,101,1.7334777116775513,1,0.2287585437297821,1.5506398677825928
4,102,7.522434711456299,0,2.6055493354797363,9.695943832397461
4,103,5.841187477111816,0,5.391637802124023,9.961865425109863
4,104,4.540177822113037,0,0.729320764541626,5.820516109466553
4,105,5.999741077423096,0,4.737295627593994,14.880435943603516
4,106,4.699095726013184,0,2.0972490310668945,10.865030288696289
4,107,3.2078213691711426,1,4.745599746704102,5.153730392456055
4,108,7.83367395401001,0,0.04750899225473404,8.099692344665527
4,109,3.145111560821533,0,0.0001081169830285944,3.146132469177246
4,110,6.341609477996826,0,0.2714889347553253,8.210800170898438
4,111,1.260384202003479,1,0.00011228884250158444,1.2611768245697021
4,112,7.496031761169434,0,0.0018822111887857318,7.509743690490723
4,113,5.585808753967285,0,0.9019850492477417,7.815705299377441
4,114,7.196432113647461,0,2.7158620357513428,6.265799522399902
4,115,6.808334827423096,0,3.6659317016601562,4.413496017456055
4,116,9.454424858093262,0,1.586329698562622,11.637555122375488
4,117,3.9052786827087402,0,0.2925419807434082,3.168203353881836
4,118,6.810635089874268,0,0.9263560175895691,7.4820685386657715
4,119,8.525734901428223,0,3.168858051300049,10.415600776672363
4,120,8.806264877319336,0,3.5939111709594727,15.42914867401123
4,121,14.639217376708984,0,0.001474008895456791,14.656116485595703
4,122,5.2962799072265625,0,0.008298794738948345,5.34728479385376
4,123,5.369682788848877,0,0.46626025438308716,7.323030471801758
4,124,3.7338528633117676,0,0.056509532034397125,3.8431777954101562
4,125,4.287176609039307,0,2.1250877380371094,6.421306133270264
4,126,7.295207977294922,0,0.5220674872398376,8.822088241577148
4,127,3.9842545986175537,0,0.885587751865387,5.995590686798096
4,128,6.981409072875977,0,0.9210118651390076,8.25402545928955
4,129,5.56569766998291,0,2.0370984077453613,11.93539810180664
4,130,6.660762310028076,0,1.7592946290969849,8.85384750366211
4,131,11.01156997680664,0,0.0012000747956335545,11.023470878601074
4,132,7.225421905517578,0,0.17434196174144745,7.159698963165283
4,133,10.77839469909668,0,0.0015735160559415817,10.795039176940918
4,134,4.193194389343262,0,9.179073458653875e-06,4.1932830810546875
4,135,6.494544982910156,0,2.6609511375427246,7.497163772583008
4,136,3.0421903133392334,0,2.3899667263031006,2.908682346343994
4,137,7.191246032714844,0,0.6643694043159485,8.145833969116211
4,138,6.173122406005859,0,1.2729731798171997,6.489782333374023
4,139,9.568845748901367,0,1.6387845277786255,14.802530288696289
4,140,3.18243145942688,0,0.1582522839307785,3.900479555130005
4,141,5.241745471954346,1,6.105635643005371,14.868431091308594
4,142,7.061537742614746,0,1.7248538732528687,8.568451881408691
4,143,6.057120323181152,0,7.033323527139146e-06,6.0572028160095215
4,144,4.265328407287598,0,0.6108436584472656,5.293301582336426
4,145,5.824306488037109,0,3.5490214824676514,9.815836906433105
4,146,7.538675308227539,0,1.3477436304092407,4.870092391967773
4,147,4.353255748748779,0,1.2007982730865479,5.437191963195801
4,148,5.895260810852051,0,3.8177099227905273,12.676185607910156
4,149,9.462355613708496,0,0.6137344837188721,10.690102577209473
4,150,6.568378448486328,0,0.41593384742736816,8.521778106689453
4,151,5.693109512329102,0,1.5631523132324219,8.238706588745117
4,152,7.840351581573486,0,0.402325302362442,8.28198528289795
4,153,4.1046977043151855,1,1.4156612157821655,2.296656370162964
4,154,5.115148544311523,1,0.9079355001449585,1.5206376314163208
4,155,5.3340630531311035,0,5.093965530395508,7.318934917449951
4,156,5.51912260055542,0,0.023656385019421577,5.655724048614502
4,157,6.627956390380859,0,0.001022769371047616,6.635471343994141
4,158,8.461505889892578,0,1.2480833530426025,6.207978248596191
4,159,5.110034465789795,0,2.597296953201294,6.285017967224121
4,160,5.099796295166016,0,3.4711101055145264,12.409629821777344
4,161,4.574843406677246,0,0.049198754131793976,4.691710472106934
4,162,8.768479347229004,0,0.007744525093585253,8.82639217376709
4,163,3.345423460006714,0,1.1332323551177979,3.998708724975586
4,164,3.7468905448913574,0,2.6879546642303467,7.473124027252197
4,165,7.9499101638793945,0,0.09304113686084747,8.476069450378418
4,166,5.6327409744262695,0,0.03157138451933861,5.794351577758789
4,167,5.809523582458496,0,0.1536906361579895,6.2621965408325195
4,168,4.2494893074035645,0,0.0011878109071403742,4.260261535644531
4,169,7.680914878845215,0,4.780361175537109,14.059313774108887
4,170,5.9822678565979,0,2.953996419906616,9.62043285369873
4,171,8.75374984741211,0,1.7588473558425903,10.857908248901367
4,172,6.21490478515625,0,1.7892085313796997,6.645123481750488
4,173,4.8706955909729,0,4.569880485534668,8.984443664550781
4,174,6.859498023986816,0,0.5077674984931946,7.365367412567139
4,175,5.807257175445557,0,1.61446213722229,7.050229072570801
4,176,7.120560646057129,0,7.057499885559082,14.133946418762207
4,177,5.245841026306152,0,0.4830626845359802,5.300796985626221
4,178,6.698986530303955,0,0.0017767847748473287,6.714442729949951
4,179,5.202921390533447,0,7.646257400512695,8.271634101867676
4,180,7.876087665557861,0,0.8373226523399353,8.107478141784668
4,181,12.110376358032227,0,0.007432546466588974,12.157785415649414
4,182,6.46820592880249,0,0.09243083745241165,7.120439529418945
4,183,4.195647716522217,0,5.522473335266113,7.765241622924805
4,184,7.641172885894775,0,15.361748695373535,11.476470947265625
4,185,2.0101583003997803,0,21.0681095123291,17.54391860961914
4,186,4.078146934509277,0,4.885035514831543,6.67893123626709
4,187,2.536691665649414,0,10.633249282836914,10.253046035766602
4,188,4.660005569458008,0,0.6121216416358948,6.862020015716553
4,189,5.92832088470459,0,7.415887355804443,9.958316802978516
4,190,8.991374969482422,0,0.47663119435310364,12.455726623535156
4,191,6.503299236297607,0,0.0004037995240651071,6.505728721618652
4,192,3.9624719619750977,0,6.310979843139648,8.098871231079102
4,193,5.166230201721191,0,15.311123847961426,11.083064079284668
4,194,4.475098133087158,0,2.786540985107422,10.872392654418945
4,195,9.564024925231934,0,0.12572255730628967,10.499649047851562
4,196,12.588038444519043,0,2.69285249710083,16.31340789794922
4,197,6.390983581542969,0,1.4059275388717651,7.8418121337890625
4,198,4.650826930999756,0,2.078216314315796,7.184744834899902
4,199,5.949771881103516,0,5.14538049697876,14.079080581665039
4,200,4.008750915527344,0,3.674678325653076,4.924926280975342
4,201,5.147458553314209,0,0.895261824131012,6.939308166503906
4,202,6.654903888702393,0,2.470487594604492,7.957242012023926
4,203,6.9172186851501465,0,2.6070029735565186,12.783594131469727
4,204,5.422197341918945,0,0.2370937019586563,5.09535551071167
4,205,5.2900590896606445,0,2.4909393787384033,13.47029972076416
4,206,2.7481420040130615,0,1.9850449562072754,6.565316200256348
4,207,9.042790412902832,0,1.1430456638336182,11.331002235412598
4,208,5.030999183654785,0,0.5054643154144287,5.341102600097656
4,209,5.708136081695557,0,1.5282227993011475,6.249545097351074
4,210,5.977534294128418,0,0.13413415849208832,6.375387191772461
4,211,3.1354029178619385,0,2.4358251094818115,4.762556076049805
4,212,3.9912474155426025,0,1.2811884880065918,7.484541416168213
4,213,6.10373592376709,0,9.43928337097168,5.04541015625
4,214,8.222189903259277,0,0.20486018061637878,9.037872314453125
4,215,5.361583709716797,0,0.6294357180595398,6.935715675354004
4,216,6.673918724060059,0,6.053365707397461,11.332844734191895
4,217,2.604780912399292,1,0.16561158001422882,2.813767671585083
4,218,7.946484565734863,0,1.1072819232940674,12.463579177856445
4,219,7.109771251678467,0,0.007221311330795288,7.160529136657715
4,220,10.339627265930176,0,0.05912836641073227,10.503271102905273
4,221,8.387171745300293,0,0.042466722428798676,8.698960304260254
4,222,9.194811820983887,0,0.3673284649848938,10.125288963317871
4,223,6.086596488952637,0,0.6954535841941833,5.263262748718262
4,224,4.4444403648376465,0,4.925283908843994,10.328409194946289
4,225,3.5354931354522705,0,2.8298187255859375,2.4713571071624756
4,226,4.751298904418945,1,2.564614772796631,11.254735946655273
4,227,4.945950984954834,0,1.4769693613052368,8.065115928649902
4,228,7.5430169105529785,0,4.6793904304504395,12.30773639678955
4,229,6.038966178894043,0,0.04763630032539368,6.262414455413818
4,230,3.179603099822998,1,2.807145118713379,9.32285213470459
4,231,6.131603717803955,0,4.461075305938721,3.8197824954986572
4,232,2.2425832748413086,0,7.141637802124023,7.316656112670898
4,233,10.329473495483398,0,2.7512753009796143,3.3382575511932373
4,234,10.168859481811523,0,8.280600547790527,15.00107192993164
4,235,6.850057125091553,0,0.07850310206413269,7.175207138061523
4,236,5.887660026550293,0,0.15978474915027618,6.75121545791626
4,237,10.342982292175293,0,0.2045304775238037,11.62982177734375
4,238,7.807956695556641,0,3.4723060131073,7.094980716705322
4,239,4.312705993652344,0,4.25844669342041,5.346146583557129
4,240,10.0130033493042,0,0.8125429749488831,12.178487777709961
4,241,4.744704723358154,0,0.04284825176000595,4.739880084991455
4,242,6.066622257232666,0,5.653323173522949,13.295162200927734
4,243,5.78609561920166,0,2.2095866203308105,8.410223960876465
4,244,12.947978973388672,0,0.002230182057246566,12.974227905273438
4,245,4.463139057159424,0,0.0006470970110967755,4.468560218811035
4,246,3.0701260566711426,0,0.18114431202411652,3.352163791656494
4,247,3.922672748565674,0,1.0246268510818481,5.788519859313965
4,248,3.9697635173797607,0,8.918960571289062,11.640913963317871
4,249,8.472846984863281,0,2.5579683780670166,10.781826972961426
4,250,10.170305252075195,0,0.08750215172767639,10.861873626708984
4,251,7.433914661407471,0,3.069275379180908,9.613838195800781
4,252,8.981983184814453,0,1.8146506547927856,10.428051948547363
4,253,12.468693733215332,0,2.826707124710083,9.659679412841797
4,254,4.476501941680908,0,0.052996162325143814,4.60163688659668
4,255,9.261856079101562,0,0.77406907081604,10.426421165466309
4,256,6.564074516296387,0,2.5510462364763953e-05,6.564375877380371
4,257,5.478729724884033,0,0.766279399394989,7.7658843994140625
4,258,7.223909854888916,0,1.5473153591156006,6.385940074920654
4,259,5.763110637664795,0,5.181276321411133,8.422799110412598
4,260,5.035660266876221,0,0.12727437913417816,5.549089431762695
4,261,10.982444763183594,0,1.5579304695129395,12.83513069152832
4,262,5.350710868835449,0,4.475271701812744,5.018563270568848
4,263,11.854928970336914,0,0.024510212242603302,11.96960163116455
4,264,4.637160778045654,0,1.004704475402832,7.407476425170898
4,265,2.410216808319092,0,7.490740776062012,10.058753967285156
4,266,4.794581890106201,0,4.265573024749756,10.416199684143066
4,267,7.5130462646484375,0,0.14014020562171936,8.400425910949707
4,268,4.797743320465088,0,1.845974087715149,1.8431451320648193
4,269,8.017388343811035,0,2.036391258239746,9.267467498779297
4,270,3.7587127685546875,0,0.0035112176556140184,3.785019874572754
4,271,2.296865463256836,1,0.0013992529129609466,2.3043100833892822
4,272,7.95927095413208,0,0.03553985804319382,8.210982322692871
4,273,0.3473688066005707,1,0.0008400725200772285,0.3506275415420532
4,274,1.4636808633804321,1,0.004379325080662966,1.472712755203247
4,275,6.640440940856934,0,0.001013361383229494,6.645832061767578
4,276,5.625121593475342,0,7.426462980220094e-05,5.625821113586426
4,277,3.939971685409546,0,0.6669914126396179,5.178199768066406
4,278,2.935858964920044,1,2.6782209873199463,7.460723876953125
4,279,3.8731894493103027,0,0.29526084661483765,4.882407188415527
4,280,3.646124839782715,0,7.529343605041504,10.26864242553711
4,281,6.176881790161133,0,0.032148510217666626,6.31727409362793
4,282,5.657983303070068,0,1.4045400619506836,12.880167007446289
4,283,9.1126127243042,0,0.918262243270874,10.874789237976074
4,284,9.436627388000488,0,0.6386415362358093,9.721105575561523
4,285,7.897663116455078,0,1.645074735279195e-05,7.897913455963135
4,286,3.4694385528564453,0,1.6791014671325684,6.251727104187012
4,287,8.241186141967773,0,0.5458359718322754,9.615267753601074
4,288,6.771722793579102,0,7.823219299316406,14.406972885131836
4,289,12.507609367370605,0,0.8835422396659851,16.34128189086914
4,290,6.863309860229492,0,0.15848498046398163,6.947094917297363
4,291,8.22461986541748,0,3.1166040897369385,8.53207015991211
4,292,3.6223933696746826,0,0.004507856443524361,3.648831605911255
4,293,7.303793907165527,0,0.8147630095481873,7.800626754760742
4,294,10.125028610229492,0,0.25406816601753235,10.62557601928711
4,295,12.073862075805664,0,0.15846189856529236,13.180225372314453
4,296,5.488812446594238,0,9.357491217087954e-05,5.489910125732422
4,297,5.617610454559326,0,4.164247035980225,4.508486747741699
4,298,8.02999496459961,0,0.08335285633802414,8.382362365722656
4,299,11.857161521911621,0,0.05980176851153374,12.585847854614258
4,300,5.473664283752441,0,0.007967830635607243,5.527901649475098
4,301,7.6602935791015625,0,7.671969890594482,12.362899780273438
4,302,3.195988655090332,0,0.002330089919269085,3.208413600921631
4,303,8.64909553527832,0,0.05017029121518135,9.023457527160645
4,304,2.9862329959869385,0,1.7676688432693481,4.35777473449707
4,305,4.9307169914245605,0,1.3653056621551514,7.437463283538818
4,306,3.9492886066436768,0,5.299742221832275,4.517126560211182
4,307,7.282742023468018,0,0.2965097725391388,8.180093765258789
4,308,4.682178020477295,0,0.2709764838218689,4.640693664550781
4,309,6.156932830810547,0,2.8101143836975098,4.608466148376465
4,310,14.431058883666992,0,0.00826841127127409,14.496670722961426
4,311,6.532000541687012,0,1.7801669836044312,9.086505889892578
4,312,3.8286049365997314,0,1.0612990856170654,3.843088150024414
4,313,3.128661632537842,0,6.977901458740234,12.475790023803711
4,314,6.699858665466309,0,0.09838961809873581,7.275660514831543
4,315,2.750201463699341,0,3.7365758419036865,10.352912902832031
4,316,5.086178779602051,0,4.039572715759277,7.762782573699951
4,317,8.805423736572266,0,0.2515948414802551,9.818793296813965
4,318,4.076442241668701,0,0.1415552943944931,4.554726600646973
4,319,8.599934577941895,0,2.11909818649292,9.161041259765625
4,320,7.5501017570495605,0,7.086593151092529,10.255289077758789
4,321,2.1929922103881836,0,0.12915542721748352,1.7342865467071533
4,322,6.319563388824463,0,1.7270441055297852,12.380744934082031
4,323,4.698252201080322,0,1.6858488321304321,5.012467384338379
4,324,13.602070808410645,0,0.010251014493405819,13.693882942199707
4,325,9.279155731201172,0,5.832502365112305,14.417888641357422
4,326,8.00097370147705,0,0.0008282806375063956,8.008426666259766
4,327,7.4362592697143555,0,0.0010618292726576328,7.4486083984375
4,328,6.499492645263672,0,0.3843069076538086,7.5159406661987305
4,329,3.4417812824249268,0,4.763278961181641,12.148633003234863
4,330,8.96497917175293,0,0.2563420236110687,10.069170951843262
4,331,2.9423718452453613,1,0.012690266594290733,2.9912521839141846
4,332,7.834780693054199,0,0.10857575386762619,8.286280632019043
4,333,5.791965484619141,0,0.11495287716388702,5.969019889831543
4,334,10.952228546142578,0,0.0005383234238252044,10.957559585571289
4,335,4.333488464355469,0,1.4017424583435059,5.269665718078613
4,336,6.229661464691162,0,0.13060684502124786,6.941549777984619
4,337,3.2861456871032715,0,2.1380815505981445,4.501182556152344
4,338,10.017080307006836,0,0.5513619184494019,10.386409759521484
4,339,5.54582405090332,0,0.4447721242904663,6.28089714050293
4,340,5.309027194976807,0,0.32802772521972656,6.06301212310791
4,341,6.942673206329346,0,2.6800920963287354,5.6390581130981445
4,342,6.024779319763184,0,0.011616210453212261,6.077577590942383
4,343,4.7913594245910645,0,6.6703643798828125,9.821685791015625
4,344,10.64737319946289,0,0.002434387570247054,10.674783706665039
4,345,5.977054595947266,0,1.0860685110092163,6.652676582336426
4,346,8.964767456054688,0,0.13706530630588531,9.804414749145508
4,347,4.6359639167785645,0,1.2308738231658936,4.324897766113281
4,348,11.001692771911621,0,0.5183345675468445,12.875499725341797
4,349,6.654594421386719,0,0.14507994055747986,7.065391540527344
4,350,4.589784622192383,0,1.0456066131591797,6.498064041137695
4,351,5.121527194976807,0,0.8343245983123779,4.820096015930176
4,352,9.014363288879395,0,0.597521960735321,11.559427261352539
4,353,5.171245574951172,0,0.5552039742469788,5.313161849975586
4,354,11.150671005249023,0,0.35278522968292236,12.509514808654785
4,355,1.736117959022522,1,9.572047565598041e-05,1.7368381023406982
4,356,1.4632288217544556,1,0.001293061301112175,1.4702503681182861
4,357,1.5916081666946411,1,0.0031544233206659555,1.5998610258102417
4,358,5.6821088790893555,0,0.006180223077535629,5.697914123535156
4,359,1.2697354555130005,1,0.00025722055579535663,1.271640658378601
4,360,2.585766077041626,1,0.0007474012672901154,2.5905263423919678
4,361,10.318737030029297,0,0.0014918637461960316,10.3280611038208
4,362,5.52016544342041,0,0.07469995319843292,5.929122447967529
4,363,2.5437700748443604,1,3.1583340167999268,8.477885246276855
4,364,5.696815013885498,0,0.685782790184021,7.64992618560791
4,365,3.5994839668273926,0,4.435004234313965,9.761687278747559
4,366,6.720455169677734,0,3.891798257827759,3.7876360416412354
4,367,5.918919086456299,0,3.612563133239746,12.0125732421875
4,368,3.3143043518066406,1,0.8338034749031067,0.21799986064434052
4,369,4.345976829528809,1,2.7292532920837402,10.011000633239746
4,370,6.633308410644531,0,0.5621148347854614,8.755576133728027
4,371,6.485200881958008,0,4.515401840209961,8.96285343170166
4,372,1.2567206621170044,1,0.09772765636444092,1.1491179466247559
4,373,1.630711555480957,1,0.37756600975990295,0.6721131801605225
4,374,4.91774845123291,0,4.973860740661621,6.610511302947998
4,375,6.208019733428955,0,1.4584580659866333,8.474123001098633
4,376,8.131516456604004,0,2.0637731552124023,6.767197608947754
4,377,8.04314136505127,0,1.0937663316726685,6.569177150726318
4,378,4.623938083648682,0,4.008365154266357,7.859561443328857
4,379,7.773351669311523,0,1.9638795852661133,9.315686225891113
4,380,4.306216239929199,0,0.16430823504924774,4.583224296569824
4,381,8.69720458984375,0,1.5959081649780273,9.02407169342041
4,382,4.1586174964904785,0,0.03756263852119446,4.264383792877197
4,383,10.616828918457031,0,0.9374414086341858,11.907175064086914
4,384,13.407127380371094,0,0.7322863340377808,17.199787139892578
4,385,12.886215209960938,0,0.6041797399520874,15.075485229492188
4,386,3.487281560897827,1,0.03406236693263054,3.475038528442383
4,387,6.975335597991943,0,1.4120104312896729,8.719115257263184
4,388,9.971734046936035,0,0.004801054485142231,10.006119728088379
4,389,3.7782416343688965,0,2.028749465942383,3.5272834300994873
4,390,5.570949077606201,0,3.350717544555664,11.87861442565918
4,391,10.445622444152832,0,0.22233441472053528,10.886823654174805
4,392,5.182283878326416,0,3.0417892932891846,9.726191520690918
4,393,4.038299560546875,0,7.675876140594482,8.219962120056152
4,394,9.642646789550781,0,0.00892353244125843,9.731245040893555
4,395,6.778826713562012,0,0.001852464396506548,6.793058395385742
4,396,3.9909205436706543,0,0.13125242292881012,4.33950662612915
4,397,3.462991952896118,1,1.6218774318695068,6.078133583068848
4,398,5.3482561111450195,0,13.889589309692383,15.371603965759277
4,399,2.409097909927368,0,21.091333389282227,15.121591567993164
4,400,2.249807119369507,0,6.0197906494140625,10.47087287902832
4,401,3.0355005264282227,0,7.7031965255737305,5.9517621994018555
4,402,8.312652587890625,0,3.6579251289367676,11.702396392822266
4,403,8.842530250549316,0,0.3299732208251953,11.22171688079834
4,404,5.31599760055542,0,4.184070587158203,8.110812187194824
4,405,2.8166911602020264,0,1.1280535459518433,6.51987361907959
4,406,5.9539642333984375,1,12.823670387268066,15.502359390258789
4,407,1.5536952018737793,0,22.0465030670166,18.21612548828125
4,408,1.0428818464279175,0,8.61353588104248,10.454627990722656
4,409,1.7895314693450928,1,0.017576294019818306,1.8420484066009521
4,410,2.5404748916625977,0,7.126801490783691,14.522528648376465
4,411,3.680245876312256,0,9.5178804397583,9.170077323913574
4,412,4.610905647277832,0,0.38362768292427063,6.516070365905762
4,413,3.733120918273926,0,5.6114349365234375,9.19336223602295
4,414,13.008228302001953,0,0.09530381113290787,13.835649490356445
4,415,3.2586236000061035,0,6.772283554077148,11.984251022338867
4,416,8.177249908447266,0,0.715137779712677,12.602300643920898
4,417,3.0517125129699707,0,5.17687463760376,5.379755973815918
4,418,2.5556654930114746,0,6.826150417327881,9.939041137695312
4,419,8.656510353088379,0,0.39709585905075073,11.201300621032715
4,420,8.221936225891113,0,0.0002184867626056075,8.224262237548828
4,421,4.213249206542969,0,0.483286589384079,4.4129228591918945
4,422,12.064982414245605,0,0.5188758373260498,13.451735496520996
4,423,4.190885543823242,0,2.1962997913360596,6.90133810043335
4,424,4.285503387451172,0,3.6411209106445312,7.7797980308532715
4,425,4.324868202209473,0,2.488004446029663,7.246722221374512
4,426,4.562156677246094,0,4.876570701599121,8.256138801574707
4,427,4.619133949279785,0,1.2195147275924683,6.48709774017334
4,428,2.727367639541626,1,8.09973430633545,9.78567886352539
4,429,9.968064308166504,0,0.5098459124565125,13.051800727844238
4,430,5.654636859893799,0,0.0004602803383022547,5.659788608551025
4,431,3.4871578216552734,0,0.16176947951316833,4.068794250488281
4,432,8.54840087890625,0,0.3997717797756195,10.211956024169922
4,433,13.99907112121582,0,0.0005445189890451729,14.005901336669922
4,434,3.0533957481384277,0,0.36019545793533325,3.9249584674835205
4,435,1.5724562406539917,1,2.857480049133301,4.689462661743164
4,436,6.981476783752441,0,0.9406555891036987,5.005585193634033
4,437,7.689908027648926,0,6.076077938079834,11.524764060974121
4,438,7.025667667388916,0,4.8993817472364753e-05,7.026108741760254
4,439,5.134941101074219,0,0.2607816159725189,5.953871726989746
4,440,4.404134750366211,0,15.914239883422852,11.984006881713867
4,441,7.578255653381348,0,5.737376689910889,11.742241859436035
4,442,5.4313435554504395,0,1.8782339096069336,10.206174850463867
4,443,2.1450791358947754,0,1.0055184364318848,3.8055953979492188
4,444,3.5206470489501953,0,2.698424816131592,10.285185813903809
4,445,6.65947961807251,0,0.00015555603022221476,6.6605329513549805
4,446,5.251676082611084,0,0.9333416819572449,7.612176895141602
4,447,3.033757448196411,1,0.6914146542549133,3.052675485610962
4,448,5.146212577819824,0,7.376090049743652,13.081308364868164
4,449,2.5390443801879883,1,9.417489309271332e-06,2.539124011993408
4,450,8.858320236206055,0,0.0013635394861921668,8.869184494018555
4,451,4.587568759918213,0,1.836290955543518,4.892892837524414
4,452,9.889342308044434,0,1.0478451251983643,13.394622802734375
4,453,4.338354587554932,0,1.429074764251709,5.068483829498291
4,454,3.9859776496887207,0,10.867650985717773,9.821308135986328
4,455,3.742795705795288,0,1.0422228574752808,1.9749813079833984
4,456,9.720766067504883,0,0.4560123682022095,11.028258323669434
4,457,4.06181526184082,0,0.0023035677149891853,4.076768398284912
4,458,5.174793243408203,0,0.020972279831767082,5.296242713928223
4,459,4.811050891876221,0,1.0329399108886719,6.277589797973633
4,460,6.119498252868652,0,1.6602749824523926,7.141263008117676
4,461,4.3834710121154785,0,2.7269208431243896,6.9707932472229
4,462,6.851229190826416,0,0.05505415052175522,7.08137321472168
4,463,6.767305850982666,0,0.8463107943534851,8.752840995788574
4,464,8.897597312927246,0,0.20850493013858795,10.082523345947266
4,465,4.894874572753906,0,0.6343843936920166,5.453152179718018
4,466,8.147582054138184,0,0.001142564113251865,8.154942512512207
4,467,3.4576661586761475,0,1.0068022012710571,5.179360866546631
4,468,9.388443946838379,0,0.01443855557590723,9.50203800201416
4,469,8.073066711425781,0,0.02760148048400879,8.344339370727539
4,470,1.7283785343170166,1,6.437280717364047e-06,1.7284334897994995
4,471,4.771450519561768,0,0.019245091825723648,4.866067409515381
4,472,2.7438547611236572,0,2.309548854827881,6.901106834411621
4,473,4.865320682525635,0,0.6073010563850403,8.081523895263672
4,474,6.08295202255249,0,1.322256088256836,7.878396034240723
4,475,10.474742889404297,0,0.5271800756454468,12.96442985534668
4,476,9.365492820739746,0,6.735097849741578e-05,9.366565704345703
4,477,2.961336374282837,1,1.795573353767395,4.940617084503174
4,478,6.281752109527588,0,3.2146992683410645,8.871188163757324
4,479,5.451467990875244,0,2.8365516662597656,8.160018920898438
4,480,12.336700439453125,0,1.1144728660583496,13.770365715026855
4,481,3.596092700958252,0,0.767443835735321,5.515939712524414
4,482,3.9989748001098633,0,0.9031093120574951,5.08028507232666
4,483,2.988044023513794,1,3.1148593425750732,9.278230667114258
4,484,15.376131057739258,0,2.6139092445373535,18.483501434326172
4,485,8.100709915161133,0,3.4232873916625977,4.663173675537109
4,486,3.218234062194824,0,3.206193208694458,4.689205169677734
4,487,4.141072750091553,0,1.201317310333252,9.747785568237305
4,488,6.8546342849731445,0,0.2396540343761444,6.901390552520752
4,489,3.6539359092712402,0,0.616576075553894,4.675876617431641
4,490,7.110018730163574,0,0.7194761037826538,9.270879745483398
4,491,8.856856346130371,0,0.06349778175354004,9.257347106933594
4,492,9.579085350036621,0,0.005217507015913725,9.617594718933105
4,493,4.153656005859375,0,3.2368223667144775,6.336578845977783
4,494,6.453132152557373,0,3.978820562362671,7.013826370239258
4,495,6.493399143218994,0,0.0037309578619897366,6.526113986968994
4,496,7.420059680938721,0,0.015438219532370567,7.5229997634887695
4,497,9.342170715332031,0,0.3653799891471863,11.330236434936523
4,498,7.25392484664917,0,0.5194129347801208,8.78986644744873
4,499,7.184995651245117,0,0.081027552485466,7.255684852600098
4,500,4.162250518798828,0,0.00018499570433050394,4.163527488708496
4,501,9.638809204101562,0,1.8238810300827026,9.909883499145508
4,502,8.226709365844727,0,0.0028312618378549814,8.246739387512207
4,503,5.020749092102051,0,0.39208316802978516,5.989311695098877
4,504,8.798785209655762,0,0.04695192724466324,9.121345520019531
4,505,7.111954689025879,0,0.3796861469745636,8.383810043334961
4,506,5.5651373863220215,0,0.7123285531997681,6.181364059448242
4,507,6.1065993309021,0,0.7832230925559998,6.315047264099121
4,508,6.847048759460449,0,0.6432795524597168,8.89045238494873
4,509,7.713681221008301,0,0.6395266056060791,9.107978820800781
4,510,3.5929718017578125,0,0.12185761332511902,3.534214973449707
4,511,7.908223628997803,0,0.12011343240737915,8.353273391723633
5,0,3.1001968383789062,0,4.168097496032715,7.619573593139648
5,1,1.1056725978851318,1,6.560070514678955,5.074543476104736
5,2,7.424877166748047,0,1.9103983640670776,8.69590950012207
5,3,0.40701526403427124,0,5.695769309997559,7.200417995452881
5,4,0.5850849747657776,0,4.574583053588867,5.780898094177246
5,5,1.666094183921814,0,5.679201126098633,4.904829978942871
5,6,1.614721417427063,1,10.653966903686523,12.509339332580566
5,7,3.0363945960998535,0,21.579021453857422,16.55220603942871
5,8,2.937074661254883,1,5.22825288772583,14.524898529052734
5,9,2.784841775894165,0,2.4556398391723633,4.087724685668945
5,10,4.508100509643555,0,9.822593688964844,8.46989631652832
5,11,3.451986789703369,0,1.1452449560165405,7.423610210418701
5,12,2.9188711643218994,0,4.219725131988525,6.529396057128906
5,13,3.696990966796875,0,9.199324607849121,12.930829048156738
5,14,7.415876388549805,0,4.401674270629883,14.5809907913208
5,15,5.164544105529785,0,1.2665021419525146,5.976531505584717
5,16,5.398732662200928,0,3.4816415309906006,7.788896560668945
5,17,7.292357921600342,0,0.21958479285240173,8.266202926635742
5,18,3.3432424068450928,1,1.0109745264053345,2.0721306800842285
5,19,3.713264226913452,0,6.399650573730469,8.211124420166016
5,20,6.856727123260498,0,2.197937488555908,11.736822128295898
5,21,4.653908729553223,0,3.966460704803467,8.71243667602539
5,22,3.3057491779327393,0,1.9890093803405762,5.06089973449707
5,23,3.4764740467071533,0,6.327946662902832,9.465768814086914
5,24,8.775595664978027,0,0.18656715750694275,9.942506790161133
5,25,3.433138132095337,0,1.4905290603637695,6.254091262817383
5,26,2.508730411529541,0,10.365087509155273,5.052319049835205
5,27,4.545592784881592,0,8.649970054626465,12.401752471923828
5,28,7.714526176452637,0,0.12758764624595642,8.412569046020508
5,29,6.7267560958862305,0,0.7825208306312561,8.367856979370117
5,30,3.491316795349121,0,5.08303165435791,9.834623336791992
5,31,2.3355934619903564,0,12.8731107711792,9.953958511352539
5,32,0.3472242057323456,1,0.005159634165465832,0.3666369318962097
5,33,3.42499041557312,1,1.8638135194778442,2.2095959186553955
5,34,4.504828929901123,0,3.918630361557007,8.48678207397461
5,35,6.853168487548828,0,1.2750343084335327,8.816600799560547
5,36,6.344188213348389,0,0.6148093938827515,5.889735221862793
5,37,1.6761879920959473,1,0.0475502535700798,1.6802678108215332
5,38,7.327059268951416,0,9.99364185333252,13.686445236206055
5,39,2.7364819049835205,1,20.203466415405273,10.801063537597656
5,40,6.820468425750732,0,0.03602880239486694,7.100034236907959
5,41,7.324263572692871,0,0.022895624861121178,7.445001125335693
5,42,12.486783027648926,0,0.9813959002494812,15.236357688903809
5,43,9.616355895996094,0,2.3557753562927246,8.149431228637695
5,44,9.893014907836914,0,1.5588452816009521,12.505867958068848
5,45,5.726001262664795,0,0.00038246947224251926,5.728692054748535
5,46,3.7824418544769287,0,0.1693706512451172,4.513941764831543
5,47,11.689106941223145,0,2.665658473968506,14.690191268920898
5,48,8.671490669250488,0,0.0022691949270665646,8.688254356384277
5,49,13.170136451721191,0,0.0614062175154686,13.79293441772461
5,50,4.321830749511719,0,0.8725747466087341,5.0648369789123535
5,51,3.630387306213379,1,4.068004608154297,9.352266311645508
5,52,2.6572563648223877,0,0.0503353513777256,2.61617112159729
5,53,2.638350009918213,1,1.5104892253875732,10.460968017578125
5,54,7.568205833435059,0,3.189087390899658,6.946533203125
5,55,5.534000396728516,0,1.934287190437317,5.488712787628174
5,56,8.38691234588623,0,5.722565650939941,6.585838794708252
5,57,5.420848846435547,0,3.5383834838867188,8.05076789855957
5,58,3.5251927375793457,0,1.2928354740142822,4.339301586151123
5,59,5.829476356506348,0,2.1290907859802246,11.202648162841797
5,60,4.969261646270752,0,7.017643928527832,13.048933029174805
5,61,10.664615631103516,0,0.0010962436208501458,10.678869247436523
5,62,5.637482166290283,0,5.4834770708112046e-05,5.638059616088867
5,63,8.616739273071289,0,3.6898365020751953,8.47750473022461
5,64,10.442774772644043,0,0.5032685995101929,12.23992919921875
5,65,5.000993251800537,1,1.4510557651519775,12.715577125549316
5,66,11.87835693359375,0,0.006782130803912878,11.931323051452637
5,67,3.050412893295288,0,4.117518424987793,3.589561700820923
5,68,3.669935703277588,0,4.207498073577881,9.983499526977539
5,69,8.830692291259766,0,0.03368058055639267,8.992935180664062
5,70,4.878129959106445,0,0.0005722792120650411,4.882752418518066
5,71,4.043909072875977,0,0.0006356602534651756,4.04682731628418
5,72,6.743228912353516,0,2.8966879844665527,7.357067584991455
5,73,11.705279350280762,0,0.009857074357569218,11.81813907623291
5,74,0.6165444254875183,1,0.010603752918541431,0.6490988731384277
5,75,5.956841468811035,0,0.031224234029650688,6.150823593139648
5,76,2.840118885040283,0,0.47516998648643494,3.014200210571289
5,77,5.937899589538574,0,4.963531494140625,13.181083679199219
5,78,9.490338325500488,0,0.5207579135894775,10.79875373840332
5,79,2.726677656173706,0,3.2347936630249023,3.808767080307007
5,80,5.889296054840088,0,8.565725326538086,12.447500228881836
5,81,6.262511730194092,0,1.6191363334655762,6.465198516845703
5,82,8.75974178314209,0,1.6750776767730713,6.6771135330200195
5,83,4.347160816192627,0,0.16507160663604736,5.101222991943359
5,84,3.958200216293335,0,3.7680718898773193,9.037984848022461
5,85,3.9787395000457764,0,3.0632195472717285,4.869343280792236
5,86,4.372683525085449,0,5.952791690826416,8.899263381958008
5,87,6.8807220458984375,0,1.3622369766235352,13.756942749023438
5,88,13.120882034301758,0,8.987976616481319e-05,13.122215270996094
5,89,8.148786544799805,0,1.6471505165100098,9.000221252441406
5,90,7.160150527954102,0,1.464046835899353,13.058338165283203
5,91,3.856156587600708,0,0.18403257429599762,3.8580827713012695
5,92,9.404571533203125,0,3.005596399307251,10.962751388549805
5,93,10.291044235229492,0,0.017375510185956955,10.38690185546875
5,94,2.7798378467559814,0,2.427100658416748,4.47268009185791
5,95,3.1495885848999023,0,2.0363850593566895,4.291211128234863
5,96,3.777974843978882,0,0.9624351859092712,4.717902183532715
5,97,12.85704231262207,0,1.0096527338027954,15.286978721618652
5,98,8.62495231628418,0,1.592771053314209,10.917226791381836
5,99,7.044021129608154,0,1.7419987916946411,7.735848903656006
5,100,6.855682373046875,0,0.4667584300041199,8.180110931396484
5,101,6.672105312347412,0,8.849003791809082,13.282169342041016
5,102,5.036208152770996,0,1.2411118745803833,8.221418380737305
5,103,3.6947789192199707,0,3.680793523788452,9.754605293273926
5,104,5.5092644691467285,0,0.4972894489765167,6.965546131134033
5,105,2.7688028812408447,1,11.271736145019531,10.350126266479492
5,106,5.859067440032959,0,1.330086588859558,10.256978988647461
5,107,3.186703681945801,0,2.3528079986572266,5.213062763214111
5,108,4.615015029907227,0,0.7527223229408264,7.789078712463379
5,109,8.930272102355957,0,0.05789608880877495,9.490324020385742
5,110,5.296557426452637,0,3.084517478942871,6.150603294372559
5,111,9.279597282409668,0,0.5601618885993958,12.758706092834473
5,112,4.018627166748047,0,6.466174125671387,5.443378448486328
5,113,2.366589069366455,1,8.269599914550781,8.140295028686523
5,114,6.3692708015441895,0,8.320038795471191,14.052572250366211
5,115,9.097529411315918,0,1.8402305841445923,14.694507598876953
5,116,6.797933578491211,0,1.8403912782669067,10.88358211517334
5,117,2.875713348388672,0,2.8453369140625,4.098916053771973
5,118,4.982654571533203,0,5.060762882232666,15.573380470275879
5,119,7.103131294250488,0,2.119697332382202,11.027841567993164
5,120,4.356436729431152,0,5.071746349334717,5.517545223236084
5,121,6.0056843757629395,0,2.914501905441284,11.245918273925781
5,122,5.918455600738525,0,2.6747217178344727,13.22291374206543
5,123,9.611227035522461,0,6.282132380874828e-05,9.611933708190918
5,124,7.895077228546143,0,0.06487010419368744,8.39771842956543
5,125,5.630075931549072,0,1.1343879699707031,9.167980194091797
5,126,5.149592876434326,0,0.32849621772766113,5.558548927307129
5,127,5.783967971801758,0,8.357807159423828,12.370712280273438
5,128,6.510910987854004,0,1.2217824459075928,11.845773696899414
5,129,9.579516410827637,0,0.000565249880310148,9.58630084991455
5,130,4.758852958679199,0,2.0665643215179443,5.815598487854004
5,131,6.645849227905273,0,1.3000622987747192,14.04611587524414
5,132,4.010540008544922,0,4.20965051651001,9.430623054504395
5,133,2.8939034938812256,1,0.8341171741485596,2.6536853313446045
5,134,6.384007930755615,0,3.5761170387268066,7.8923869132995605
5,135,10.31157398223877,0,2.5814075469970703,14.078438758850098
5,136,11.855116844177246,0,2.4238107204437256,14.538928985595703
5,137,7.735547065734863,0,0.012945068068802357,7.737411975860596
5,138,3.926419973373413,0,8.391981828026474e-05,3.9272210597991943
5,139,8.1545991897583,0,0.0004220310365781188,8.160144805908203
5,140,6.773323059082031,0,2.589168071746826,6.658857345581055
5,141,7.71659517288208,0,0.5569729804992676,9.474291801452637
5,142,5.068076133728027,0,6.059645652770996,7.9412455558776855
5,143,1.2498968839645386,1,0.0015775627689436078,1.2548997402191162
5,144,2.7882227897644043,0,5.8756513595581055,9.251148223876953
5,145,10.96323299407959,0,1.3256585597991943,12.807123184204102
5,146,5.021270751953125,0,1.7903237342834473,8.603805541992188
5,147,7.841206073760986,0,3.3005123138427734,14.310452461242676
5,148,9.522605895996094,0,0.5258670449256897,12.735360145568848
5,149,8.423250198364258,0,0.07375074923038483,8.876583099365234
5,150,4.648116111755371,0,1.2847447395324707,6.98497200012207
5,151,5.307094097137451,0,1.5819389820098877,8.752082824707031
5,152,5.229552745819092,0,2.803133010864258,4.76790189743042
5,153,9.843724250793457,0,6.312004089355469,12.850654602050781
5,154,7.125723361968994,0,1.9174649715423584,10.780744552612305
5,155,7.516982078552246,0,1.437111496925354,8.72661018371582
5,156,6.9072065353393555,0,3.815791606903076,11.833828926086426
5,157,9.024908065795898,0,0.8611105680465698,10.557372093200684
5,158,4.3363189697265625,0,6.634368896484375,8.325531959533691
5,159,9.426247596740723,0,7.343572616577148,13.837265014648438
5,160,10.094291687011719,0,0.08185839653015137,10.70339584350586
5,161,3.3026111125946045,0,0.0010425376240164042,3.3099045753479004
5,162,9.554672241210938,0,0.00016926287207752466,9.556499481201172
5,163,12.211040496826172,0,12.527449607849121,17.76984214782715
5,164,7.710933208465576,0,3.454082489013672,9.51949691772461
5,165,9.015913009643555,0,0.390605092048645,8.903600692749023
5,166,9.377935409545898,0,1.6845909357070923,12.262886047363281
5,167,3.3677785396575928,0,1.9184774160385132,8.109251022338867
5,168,11.57698917388916,0,3.019376277923584,13.843927383422852
5,169,3.86920428276062,1,1.37392258644104,1.8278212547302246
5,170,2.865719795227051,0,2.471144914627075,3.501741886138916
5,171,4.6755876541137695,0,7.563351631164551,9.146906852722168
5,172,7.974581241607666,0,0.8946714997291565,11.558662414550781
5,173,6.265589714050293,0,0.05659560114145279,6.600287437438965
5,174,8.164091110229492,0,3.555148124694824,7.57405424118042
5,175,7.701868057250977,0,0.011374861001968384,7.78309965133667
5,176,3.8693342208862305,0,0.00024625606602057815,3.8709375858306885
5,177,8.62854290008545,0,2.8515682220458984,13.967608451843262
5,178,9.138570785522461,0,0.48538485169410706,10.022930145263672
5,179,6.697573184967041,0,2.5853495597839355,5.628503799438477
5,180,8.027950286865234,0,0.2750592529773712,8.525981903076172
5,181,6.445826530456543,0,3.3351082801818848,9.201356887817383
5,182,1.7205733060836792,1,15.387880325317383,6.794462203979492
5,183,5.016724586486816,0,20.785314559936523,11.267047882080078
5,184,3.811764717102051,0,4.966933250427246,9.66097354888916
5,185,4.478233814239502,0,11.051217079162598,11.601661682128906
5,186,8.927030563354492,0,2.0175840854644775,10.312438011169434
5,187,3.274928331375122,0,7.353183746337891,9.48322582244873
5,188,5.635889053344727,0,8.123671531677246,11.153046607971191
5,189,9.991766929626465,0,0.3664795160293579,12.025030136108398
5,190,5.571774005889893,0,1.16301691532135,7.5636887550354
5,191,5.812201499938965,1,4.172753810882568,11.890993118286133
5,192,6.949108123779297,0,4.7531867027282715,13.844850540161133
5,193,3.583000421524048,0,1.0357288122177124,4.376051425933838
5,194,5.701636791229248,0,1.8119887113571167,10.070023536682129
5,195,7.165387153625488,0,0.36394983530044556,8.058728218078613
5,196,7.228481769561768,0,3.5426247119903564,10.528542518615723
5,197,4.236711502075195,0,0.2746366858482361,4.316357135772705
5,198,3.416800022125244,1,2.2170467376708984,11.324934959411621
5,199,0.7662040591239929,1,0.06356725096702576,0.8049190640449524
5,200,5.193363666534424,0,2.1517882347106934,7.818475723266602
5,201,10.30731201171875,0,3.71256685256958,10.87972640991211
5,202,8.774140357971191,0,0.7830861806869507,13.603846549987793
5,203,7.4964165687561035,0,8.153660774230957,8.956490516662598
5,204,2.595181465148926,1,3.290043354034424,6.382640838623047
5,205,4.146139144897461,0,0.8814947009086609,4.173346042633057
5,206,6.745070457458496,0,1.365415334701538,10.507493019104004
5,207,7.052206993103027,0,0.33411625027656555,6.738424301147461
5,208,10.66887378692627,0,1.1853368282318115,11.668951988220215
5,209,13.518176078796387,0,0.27063649892807007,14.951329231262207
5,210,4.353874206542969,0,0.28551027178764343,5.481435775756836
5,211,6.092732906341553,0,0.15552717447280884,6.731661796569824
5,212,7.192657470703125,0,4.8492045402526855,7.636122703552246
5,213,10.105253219604492,0,0.43286335468292236,11.273078918457031
5,214,5.875155925750732,0,0.5266041159629822,7.871615886688232
5,215,3.238476037979126,0,9.04588508605957,10.148898124694824
5,216,4.012856960296631,0,0.08011987805366516,4.358427047729492
5,217,5.231786727905273,0,0.5536739230155945,5.719327926635742
5,218,12.5357666015625,0,2.5231194496154785,13.463778495788574
5,219,8.577189445495605,0,1.4377424716949463,11.132590293884277
5,220,10.217326164245605,0,0.5005196928977966,10.125555038452148
5,221,11.18289566040039,0,1.448960304260254,10.734509468078613
5,222,5.02254581451416,0,0.9769676923751831,5.715908050537109
5,223,4.727426528930664,0,2.3721091747283936,7.758400917053223
5,224,5.379382133483887,0,0.004785750061273575,5.408927917480469
5,225,2.586757183074951,0,3.820370674133301,8.72520637512207
5,226,10.675559997558594,0,6.6653923988342285,9.120325088500977
5,227,5.901618480682373,0,3.0070676803588867,7.204821586608887
5,228,4.823923587799072,0,3.670820474624634,7.159894943237305
5,229,15.531261444091797,0,0.8219265341758728,17.56314468383789
5,230,2.808138132095337,0,0.012528054416179657,2.8343265056610107
5,231,1.2292578220367432,1,0.37064945697784424,1.5804808139801025
5,232,4.584953784942627,0,5.791790962219238,6.02105712890625
5,233,6.074366569519043,0,0.9913119077682495,7.644530296325684
5,234,5.883068084716797,0,0.0012042421149089932,5.8893022537231445
5,235,6.589471817016602,0,0.10584517568349838,7.028151512145996
5,236,4.2798542976379395,0,0.005650855600833893,4.29180383682251
5,237,8.879681587219238,0,0.24171975255012512,9.632131576538086
5,238,5.480281352996826,0,9.628571510314941,7.375608444213867
5,239,7.026453495025635,0,12.710625648498535,11.973633766174316
5,240,8.664325714111328,0,5.125027656555176,15.387561798095703
5,241,9.932889938354492,0,7.660633087158203,11.673154830932617
5,242,6.962595462799072,0,1.0104305744171143,9.857325553894043
5,243,4.916148662567139,0,1.4374918937683105,6.249061107635498
5,244,4.107242107391357,0,5.867762565612793,10.135684967041016
5,245,6.969982624053955,0,0.5004467368125916,8.131460189819336
5,246,4.217436790466309,0,4.798400402069092,14.148914337158203
5,247,13.483231544494629,0,5.7267632484436035,13.278753280639648
5,248,7.282265663146973,0,0.14505353569984436,8.014474868774414
5,249,3.654494524002075,0,0.0006532918778248131,3.6598172187805176
5,250,4.548007965087891,0,4.129426002502441,11.902709007263184
5,251,4.728682994842529,0,5.571165084838867,7.8622026443481445
5,252,5.406538009643555,0,5.138257026672363,12.103119850158691
5,253,3.2039859294891357,0,0.06282988935709,3.47894287109375
5,254,4.3642730712890625,0,5.394522666931152,6.216033935546875
5,255,6.8979082107543945,0,0.9687835574150085,12.212028503417969
5,256,7.524816036224365,0,0.6162407994270325,9.491374969482422
5,257,6.941348552703857,0,0.24244600534439087,8.057801246643066
5,258,6.0594162940979,0,0.7905980348587036,9.128312110900879
5,259,3.6159167289733887,0,2.907350540161133,9.709576606750488
5,260,13.088305473327637,0,0.0025819556321948767,13.112674713134766
5,261,4.638548374176025,0,0.4088849425315857,5.286097526550293
5,262,11.604925155639648,0,1.8617688417434692,12.864818572998047
5,263,7.9160027503967285,0,0.3302741050720215,9.501583099365234
5,264,5.52921724319458,0,2.5285091400146484,8.801267623901367
5,265,5.592452049255371,0,5.881091594696045,13.791913032531738
5,266,7.202908515930176,0,12.071258544921875,10.66678237915039
5,267,10.164874076843262,0,6.944698333740234,13.905404090881348
5,268,11.053422927856445,0,0.04606354981660843,11.298723220825195
5,269,6.015314102172852,0,3.4472546577453613,7.426766395568848
5,270,9.294624328613281,0,6.398990154266357,16.464075088500977
5,271,6.879428863525391,0,1.7695811986923218,12.929327964782715
5,272,9.109810829162598,0,1.2610595226287842,10.144895553588867
5,273,12.527252197265625,0,0.2995826005935669,13.915943145751953
5,274,7.585878372192383,0,1.8732290267944336,5.659994125366211
5,275,5.281887531280518,0,1.2686481475830078,8.322486877441406
5,276,3.2611234188079834,1,0.9179567694664001,0.5051403045654297
5,277,5.0715413093566895,0,9.11025333404541,12.121191024780273
5,278,9.681909561157227,0,0.1817702054977417,11.379331588745117
5,279,7.107234001159668,0,0.000936189026106149,7.116150856018066
5,280,3.723752737045288,0,0.00018916724366135895,3.7243587970733643
5,281,16.083667755126953,0,0.5155370831489563,18.08189582824707
5,282,7.793190002441406,0,3.265814781188965,6.845858097076416
5,283,7.828693866729736,0,3.103936195373535,11.346874237060547
5,284,5.927957534790039,0,5.476008415222168,13.310795783996582
5,285,10.521044731140137,0,0.002027838258072734,10.543740272521973
5,286,7.955328464508057,0,0.1668267548084259,8.148241996765137
5,287,11.803998947143555,0,4.188538074493408,18.378841400146484
5,288,8.493095397949219,0,0.14357896149158478,9.100797653198242
5,289,3.348412275314331,1,0.2771569788455963,2.738543748855591
5,290,10.281291961669922,0,7.068861305015162e-05,10.28221321105957
5,291,13.827592849731445,0,6.586366176605225,14.165599822998047
5,292,0.9728038311004639,1,1.847726889536716e-05,0.9729653000831604
5,293,10.7045259475708,0,0.8346174955368042,10.780022621154785
5,294,6.78318452835083,0,0.5225399732589722,8.612545013427734
5,295,8.594735145568848,0,0.138114333152771,9.614879608154297
5,296,10.331475257873535,0,0.00403281394392252,10.368432998657227
5,297,12.964367866516113,0,0.00024816294899210334,12.96717643737793
5,298,11.2310791015625,0,2.1033599376678467,13.215590476989746
5,299,7.34929084777832,0,6.504764080047607,10.291149139404297
5,300,7.0359416007995605,0,0.07234720885753632,7.397025108337402
5,301,6.963165760040283,0,2.9883463382720947,10.009678840637207
5,302,12.007615089416504,0,2.3947150707244873,9.932304382324219
5,303,6.728819847106934,0,0.004440091550350189,6.740137577056885
5,304,9.932014465332031,0,0.00019488819816615433,9.93407154083252
5,305,12.779769897460938,0,10.293803215026855,8.808409690856934
5,306,8.600317001342773,0,2.505995750427246,12.816189765930176
5,307,5.869298934936523,0,3.8897714614868164,9.79520320892334
5,308,5.143566608428955,0,5.813859462738037,11.466814994812012
5,309,6.265253067016602,0,4.463356018066406,11.872498512268066
5,310,8.75338077545166,0,0.0017220443114638329,8.764161109924316
5,311,10.231721878051758,0,0.6202313899993896,12.396891593933105
5,312,11.386784553527832,0,0.00012540031457319856,11.387978553771973
5,313,4.327945232391357,0,1.908096194267273,6.710978031158447
5,314,5.880334854125977,0,4.159118175506592,8.51240062713623
5,315,4.243331432342529,0,0.2271101176738739,4.385505676269531
5,316,6.945089340209961,0,0.17199891805648804,8.34404182434082
5,317,6.093136310577393,0,0.8749539852142334,7.151790618896484
5,318,11.586889266967773,0,1.0768107175827026,15.80634880065918
5,319,10.413230895996094,0,0.002017844934016466,10.428214073181152
5,320,9.762411117553711,0,0.010626752860844135,9.844996452331543
5,321,6.392295837402344,0,0.014636171981692314,6.496230125427246
5,322,9.429898262023926,0,0.00013743886665906757,9.43118953704834
5,323,6.526739597320557,0,3.6644692420959473,5.808218955993652
5,324,3.9694435596466064,0,2.9522290229797363,6.399173736572266
5,325,3.550412654876709,0,3.0355002880096436,7.783080101013184
5,326,8.060009002685547,0,1.5027896165847778,7.30568790435791
5,327,3.007713794708252,0,1.9985861778259277,3.6028964519500732
5,328,5.298446178436279,0,1.9393481016159058,9.304564476013184
5,329,5.576740741729736,0,0.5391737222671509,7.039875507354736
5,330,6.09797477722168,0,0.8326117396354675,9.2922945022583
5,331,4.955145835876465,0,2.122544765472412,7.858564853668213
5,332,12.329014778137207,0,7.712543447269127e-05,12.330026626586914
5,333,6.593618392944336,0,3.6951112747192383,12.123847961425781
5,334,3.6242809295654297,0,2.2740275859832764,1.0995123386383057
5,335,3.8321008682250977,0,5.079821586608887,9.819429397583008
5,336,9.031800270080566,0,0.6310136914253235,10.613000869750977
5,337,8.628732681274414,0,7.128461584215984e-05,8.629419326782227
5,338,3.733830213546753,0,0.33021119236946106,4.910908222198486
5,339,3.0727291107177734,0,0.7021192908287048,3.924665927886963
5,340,4.501180648803711,0,5.606886863708496,10.60018253326416
5,341,7.5269951820373535,0,0.011533252894878387,7.614260673522949
5,342,5.5037031173706055,0,0.005479198880493641,5.510350227355957
5,343,10.063262939453125,0,0.00024172721896320581,10.065667152404785
5,344,10.17229175567627,0,0.3362411856651306,11.04186725616455
5,345,5.67886209487915,1,3.8826193809509277,13.124014854431152
5,346,3.538332462310791,0,6.752796173095703,11.056798934936523
5,347,6.891483783721924,0,3.9235458374023438,0.6699374914169312
5,348,9.28009033203125,0,0.02529519982635975,9.459687232971191
5,349,7.285867214202881,0,2.6597414016723633,9.809036254882812
5,350,5.997109889984131,0,5.485991954803467,10.383191108703613
5,351,10.37879753112793,0,0.06018886715173721,11.021554946899414
5,352,4.28826904296875,0,1.6881775856018066,5.2091569900512695
5,353,4.499934673309326,0,3.061150550842285,5.951967716217041
5,354,3.2380685806274414,0,4.500818252563477,8.101547241210938
5,355,4.086549758911133,0,5.397059440612793,8.895512580871582
5,356,7.052821636199951,0,1.071409821510315,6.590883731842041
5,357,5.972283363342285,0,2.356531858444214,13.159392356872559
5,358,6.980607986450195,0,1.044572353363037,9.53022575378418
5,359,2.82566499710083,0,1.529020071029663,4.604742050170898
5,360,5.257211685180664,1,2.5568549633026123,4.413282871246338
5,361,8.952862739562988,0,5.641200065612793,8.285645484924316
5,362,8.508417129516602,0,1.752188801765442,13.75139331817627
5,363,3.1943633556365967,0,0.865938127040863,4.634366989135742
5,364,4.012740612030029,0,2.3335978984832764,7.435550689697266
5,365,4.137433052062988,0,4.2115912437438965,7.702233791351318
5,366,3.7001423835754395,0,2.4032130241394043,6.3151397705078125
5,367,7.766547679901123,0,0.10752961784601212,8.303706169128418
5,368,5.4927449226379395,0,3.09352970123291,7.5112457275390625
5,369,12.342021942138672,0,0.6091506481170654,11.9437255859375
5,370,8.428366661071777,0,1.7956746816635132,8.6399564743042
5,371,5.12715482711792,0,0.08117034286260605,5.351998329162598
5,372,6.628434658050537,0,3.5703389644622803,8.745085716247559
5,373,14.045934677124023,0,0.01172590721398592,14.160733222961426
5,374,1.3213850259780884,1,0.00030787018476985395,1.3230435848236084
5,375,8.24198055267334,0,0.6412352919578552,10.68873405456543
5,376,5.462039470672607,0,2.0079474449157715,9.820100784301758
5,377,4.519590377807617,0,0.001767145935446024,4.533658027648926
5,378,6.158498764038086,0,0.001026103738695383,6.166159629821777
5,379,3.635786771774292,0,1.0797088146209717,3.4830565452575684
5,380,9.28348159790039,0,0.4079872667789459,12.362966537475586
5,381,6.0447869300842285,0,0.3734569847583771,7.027693748474121
5,382,4.537934303283691,0,0.6778765916824341,6.15220832824707
5,383,3.3036460876464844,1,1.0940790176391602,3.3583972454071045
5,384,7.017818927764893,0,0.8631030321121216,9.474489212036133
5,385,10.678786277770996,0,0.31775081157684326,11.478006362915039
5,386,3.405743360519409,0,1.5776277780532837,4.8566789627075195
5,387,4.544718265533447,0,1.9589016437530518,6.116848468780518
5,388,3.2433271408081055,0,3.40891695022583,9.61030387878418
5,389,4.510809421539307,0,5.600531101226807,8.79522705078125
5,390,4.76478385925293,0,0.772270143032074,7.720136642456055
5,391,7.362300872802734,0,0.1683787852525711,8.793123245239258
5,392,2.256533622741699,1,0.0030692159198224545,2.2704806327819824
5,393,4.2394280433654785,0,2.046281099319458,6.178670406341553
5,394,11.05802059173584,0,1.3802590370178223,16.560945510864258
5,395,6.826183319091797,0,0.5964080691337585,8.792211532592773
5,396,8.315531730651855,0,3.9471611976623535,12.335184097290039
5,397,6.316302299499512,0,1.6839253902435303,11.601602554321289
5,398,6.018488883972168,0,0.34327301383018494,6.722454071044922
5,399,8.223259925842285,0,0.252716064453125,9.894177436828613
5,400,5.456762790679932,0,0.0032604176085442305,5.475913047790527
5,401,5.422416687011719,0,1.1611696481704712,6.1401262283325195
5,402,11.44524097442627,0,0.18133485317230225,12.796821594238281
5,403,4.979489326477051,0,1.927541732788086,8.054266929626465
5,404,5.092010974884033,0,4.335262775421143,11.3610200881958
5,405,4.714552879333496,0,2.433446168899536,7.956851482391357
5,406,6.20087194442749,0,1.0078192949295044,8.282349586486816
5,407,6.073851585388184,0,7.09084415435791,10.743734359741211
5,408,9.866582870483398,0,2.3081719875335693,13.64463996887207
5,409,7.406674861907959,0,2.474872589111328,9.596502304077148
5,410,8.396088600158691,0,3.165773391723633,13.182524681091309
5,411,12.902596473693848,0,0.0011147005716338754,12.90977668762207
5,412,2.72969126701355,0,1.3445096015930176,5.21150016784668
5,413,6.618744850158691,0,1.203950047492981,9.816110610961914
5,414,0.10963815450668335,1,17.524131774902344,14.97522258758545
5,415,5.479623794555664,0,21.892898559570312,11.150041580200195
5,416,3.0002636909484863,0,4.472869873046875,8.445451736450195
5,417,4.534883975982666,0,10.082357406616211,9.242227554321289
5,418,1.5566534996032715,0,2.177582025527954,4.6684064865112305
5,419,2.9696574211120605,0,0.4871475100517273,4.397015571594238
5,420,2.224622964859009,0,1.0185394287109375,5.934940338134766
5,421,4.799001693725586,0,1.0204496383666992,5.535180568695068
5,422,2.785973310470581,0,1.3056120872497559,6.43617057800293
5,423,1.1896355152130127,1,15.811466217041016,14.708991050720215
5,424,1.9460506439208984,0,19.713165283203125,17.410165786743164
5,425,16.499839782714844,0,0.8325145840644836,21.005788803100586
5,426,2.297905921936035,0,5.638424873352051,10.29928970336914
5,427,1.3360813856124878,1,0.00201011192984879,1.3474364280700684
5,428,6.602649211883545,0,1.8752901554107666,6.969020843505859
5,429,2.5148327350616455,0,0.0004114258335903287,2.5182318687438965
5,430,0.7399749755859375,1,0.6634549498558044,0.8473706841468811
5,431,2.9663798809051514,0,4.581779956817627,9.055023193359375
5,432,2.364820957183838,0,7.825429916381836,8.80192756652832
5,433,4.343273162841797,0,0.2814439833164215,5.064229965209961
5,434,3.1516995429992676,0,2.8902692794799805,5.270570755004883
5,435,5.537181854248047,0,0.7380536198616028,8.484430313110352
5,436,4.1149139404296875,0,1.1018269062042236,5.469499111175537
5,437,5.223882675170898,0,4.780533313751221,7.799869537353516
5,438,2.8612375259399414,0,0.1478523313999176,3.1782617568969727
5,439,5.619272232055664,0,3.0867369174957275,15.044235229492188
5,440,6.5478668212890625,0,1.0461266040802002,7.011567115783691
5,441,7.355564117431641,0,1.3656522035598755,4.3148603439331055
5,442,6.545910835266113,0,4.026390552520752,11.026647567749023
5,443,11.72782039642334,0,2.5514750480651855,11.971390724182129
5,444,4.055094242095947,0,0.000839238753542304,4.060800075531006
5,445,8.419510841369629,0,0.42411065101623535,11.347648620605469
5,446,2.724287509918213,0,4.029474258422852,9.934369087219238
5,447,2.6128363609313965,1,8.025211334228516,10.947768211364746
5,448,5.405516624450684,0,15.103802680969238,10.874767303466797
5,449,5.133932113647461,0,0.0027197536546736956,5.158321857452393
5,450,5.8869805335998535,0,0.0017074067145586014,5.899565696716309
5,451,12.604107856750488,0,2.108757734298706,14.346878051757812
5,452,6.76527738571167,0,0.28284719586372375,7.655920028686523
5,453,2.5510239601135254,0,0.8063088655471802,4.492608547210693
5,454,2.1095972061157227,1,10.403889656066895,9.90412712097168
5,455,9.073314666748047,0,9.93142032623291,11.940749168395996
5,456,5.588294506072998,0,4.327444076538086,11.639992713928223
5,457,5.9835052490234375,0,0.7633898258209229,7.442980766296387
5,458,4.751437187194824,0,2.2232918739318848,5.331113815307617
5,459,4.6368536949157715,0,1.176642656326294,4.13182258605957
5,460,3.3732659816741943,1,0.282586008310318,3.0345919132232666
5,461,11.277554512023926,0,0.17714077234268188,12.331920623779297
5,462,7.646536350250244,0,2.570668935775757,7.040500164031982
5,463,3.5088629722595215,0,0.6102900505065918,3.905457019805908
5,464,5.784946441650391,0,0.7705859541893005,7.601555824279785
5,465,10.551651954650879,0,0.28298598527908325,11.580294609069824
5,466,4.168651580810547,0,1.3258302211761475,7.951970100402832
5,467,4.617010116577148,0,5.504176139831543,8.423117637634277
5,468,5.36711311340332,0,2.5272157192230225,8.936811447143555
5,469,5.156391143798828,0,1.2868741750717163,6.859509468078613
5,470,6.545982360839844,0,0.3526678681373596,7.072845458984375
5,471,13.832385063171387,0,0.19758901000022888,15.11475658416748
5,472,4.812460422515869,0,0.04626753553748131,5.090858459472656
5,473,5.866044044494629,0,0.2900828421115875,5.940623760223389
5,474,10.920700073242188,0,5.4489922523498535,14.168096542358398
5,475,3.6796178817749023,0,0.2518724203109741,3.9390499591827393
5,476,5.000655651092529,0,3.515300989151001,16.334095001220703
5,477,9.67321491241455,0,0.0033257671166211367,9.692811965942383
5,478,8.237900733947754,0,12.965761184692383,13.293169021606445
5,479,9.861862182617188,0,1.0584676265716553,10.56124496459961
5,480,14.509783744812012,0,0.015178651548922062,14.721385955810547
5,481,3.003283739089966,0,1.3283412456512451,5.951545238494873
5,482,8.308929443359375,0,1.9050266742706299,8.05644416809082
5,483,5.953291893005371,0,2.849010467529297,7.081540107727051
5,484,7.642778396606445,0,12.292147636413574,11.320137023925781
5,485,16.19879150390625,0,0.2384333461523056,18.373140335083008
5,486,3.4633593559265137,0,0.2339935600757599,4.263466835021973
5,487,4.754551887512207,0,2.2907633781433105,6.641535758972168
5,488,3.7787394523620605,0,3.813932418823242,6.998574256896973
5,489,2.066479206085205,0,2.31496524810791,4.726510047912598
5,490,4.287917137145996,0,2.3696231842041016,9.5009765625
5,491,4.892981052398682,0,0.2966735363006592,5.523763179779053
5,492,7.778926849365234,0,2.216655731201172,11.463760375976562
5,493,4.873684406280518,0,0.04744771495461464,5.1244401931762695
5,494,5.59181547164917,0,1.2491968870162964,3.443819761276245
5,495,5.899874210357666,0,4.374781608581543,10.89945125579834
5,496,6.239705562591553,0,0.15302471816539764,6.784566402435303
5,497,3.9677395820617676,1,3.428281307220459,8.554891586303711
5,498,8.417612075805664,0,0.03046979010105133,8.641681671142578
5,499,0.040606725960969925,1,0.0004886387032456696,0.04141344130039215
5,500,7.146180629730225,0,1.682346224784851,10.919394493103027
5,501,3.2869579792022705,0,0.0008110094931907952,3.2927799224853516
5,502,4.372970104217529,0,1.5947304964065552,5.607227325439453
5,503,7.879144191741943,0,0.4969729483127594,11.181825637817383
5,504,4.423067569732666,0,1.722593069076538,4.856683731079102
5,505,4.659855365753174,0,1.7918615341186523,6.845340728759766
5,506,3.2639968395233154,0,0.9458983540534973,2.94096302986145
5,507,6.454817771911621,0,1.073506236076355,9.662104606628418
5,508,4.671725273132324,1,0.5796696543693542,1.5496159791946411
5,509,8.847453117370605,0,1.8871996402740479,12.359935760498047
5,510,9.701139450073242,0,0.0013946102699264884,9.710820198059082
5,511,4.196038246154785,0,0.08658940345048904,4.660332202911377
6,0,5.655437469482422,0,8.030692100524902,11.54632568359375
6,1,0.3217531144618988,1,5.683117866516113,6.55954647064209
6,2,0.37101489305496216,1,5.5811357498168945,7.104140281677246
6,3,0.7295843362808228,1,6.592024803161621,6.921822547912598
6,4,1.8615083694458008,0,2.5646557807922363,3.635385036468506
6,5,1.0154733657836914,1,0.2566802501678467,1.6542787551879883
6,6,3.5860495567321777,0,2.1383161544799805,4.105570316314697
6,7,0.5665914416313171,1,2.9770169258117676,4.302186012268066
6,8,2.6870455741882324,0,6.198312759399414,11.522809982299805
6,9,2.4665703773498535,0,9.845860481262207,11.10417652130127
6,10,1.4499666690826416,0,4.718747138977051,5.578339576721191
6,11,3.1877012252807617,0,1.1754751205444336,7.815080165863037
6,12,2.971085786819458,1,3.489518880844116,8.141798973083496
6,13,5.027463436126709,0,0.21862821280956268,6.118719100952148
6,14,1.1041746139526367,1,0.001424132497049868,1.1123125553131104
6,15,6.006526947021484,0,4.537254333496094,9.856961250305176
6,16,9.556506156921387,0,0.21856488287448883,9.734464645385742
6,17,5.210969924926758,0,1.0355234146118164,6.750319957733154
6,18,2.4291579723358154,1,6.5970306396484375,6.352038383483887
6,19,7.199001312255859,0,0.14189162850379944,7.400566577911377
6,20,3.348695993423462,0,4.610018730163574,7.969759941101074
6,21,2.248253583908081,1,1.0670453310012817,2.8402607440948486
6,22,5.9784722328186035,0,1.0522539615631104,9.919472694396973
6,23,4.739116668701172,0,2.1924824714660645,7.073234558105469
6,24,3.3658199310302734,0,0.46049830317497253,4.351303577423096
6,25,5.636168003082275,0,3.266134262084961,5.404250621795654
6,26,6.228442668914795,0,0.5667533278465271,8.044358253479004
6,27,1.7697784900665283,0,0.6640151143074036,2.7218856811523438
6,28,5.304515838623047,0,0.803093671798706,5.136794090270996
6,29,6.192422389984131,0,0.0020155846141278744,6.2118916511535645
6,30,2.537832498550415,0,0.21136987209320068,3.0083577632904053
6,31,2.6269145011901855,0,5.109760284423828,9.599103927612305
6,32,3.7401928901672363,1,10.448028564453125,18.052112579345703
6,33,3.1718478202819824,0,20.636592864990234,13.688350677490234
6,34,3.366238832473755,0,5.136484146118164,10.52615737915039
6,35,2.685086250305176,0,3.8390109539031982,5.5477142333984375
6,36,2.538599729537964,0,8.98249340057373,6.909858703613281
6,37,2.0393569469451904,0,5.436090469360352,11.872551918029785
6,38,1.9275317192077637,1,0.028605571016669273,2.0138823986053467
6,39,4.718771457672119,0,4.690799713134766,12.73783016204834
6,40,6.470097541809082,0,0.19838067889213562,7.090780258178711
6,41,2.412966251373291,0,2.851377248764038,4.733386039733887
6,42,8.263585090637207,0,0.531682014465332,11.16137409210205
6,43,4.081078052520752,0,3.302676200866699,3.4710533618927
6,44,5.329156875610352,0,6.084807395935059,13.045217514038086
6,45,5.13611364364624,0,2.3192930221557617,10.064338684082031
6,46,2.8551554679870605,0,0.29269400238990784,2.7255570888519287
6,47,2.5384409427642822,0,1.8440848588943481,7.351606369018555
6,48,4.687874794006348,0,3.4047296047210693,6.99832820892334
6,49,6.307072639465332,0,2.4926178455352783,9.237784385681152
6,50,6.483953475952148,0,2.3805456161499023,11.78114128112793
6,51,2.025965452194214,1,3.9123997688293457,7.3617119789123535
6,52,9.01764965057373,0,1.1282095909118652,8.872745513916016
6,53,3.4813122749328613,0,8.220422744750977,10.6725435256958
6,54,4.426427364349365,0,3.9352526664733887,6.554380416870117
6,55,5.612502098083496,0,5.365356922149658,15.886143684387207
6,56,8.02163028717041,0,0.8715588450431824,11.96052360534668
6,57,4.452648162841797,0,0.4217521846294403,5.7697296142578125
6,58,7.05131196975708,0,0.5344948172569275,8.826310157775879
6,59,6.785531520843506,0,1.5746722221374512,8.447507858276367
6,60,5.776298522949219,0,1.4310710430145264,3.879756450653076
6,61,3.273686170578003,0,10.02670669555664,10.640731811523438
6,62,3.692603349685669,0,0.02878500334918499,3.782050609588623
6,63,4.990509033203125,0,0.04849329963326454,5.014612197875977
6,64,7.326274871826172,0,3.939880847930908,6.250812530517578
6,65,10.50772762298584,0,0.0030373651534318924,10.538888931274414
6,66,10.244861602783203,0,0.22079676389694214,10.919899940490723
6,67,11.806129455566406,0,0.023187676444649696,11.842830657958984
6,68,2.685823917388916,0,1.0490362910786644e-05,2.6859192848205566
6,69,5.5243730545043945,0,0.21018584072589874,5.994019508361816
6,70,3.9063637256622314,0,0.6152530908584595,4.7342939376831055
6,71,9.367765426635742,0,0.3147149384021759,10.698403358459473
6,72,4.2307329177856445,0,7.140203475952148,10.611891746520996
6,73,10.202234268188477,0,2.975821018218994,15.063960075378418
6,74,9.142796516418457,0,1.9314920902252197,14.032024383544922
6,75,10.164544105529785,0,0.3612171411514282,11.031514167785645
6,76,2.1555070877075195,1,0.18866029381752014,2.398900032043457
6,77,1.9104348421096802,0,2.321755886077881,2.6737608909606934
6,78,2.3547985553741455,1,5.017305374145508,8.92448616027832
6,79,8.24598503112793,0,2.044888973236084,12.266279220581055
6,80,3.225630521774292,0,3.697374105453491,9.215038299560547
6,81,2.1783485412597656,0,6.018397331237793,8.011321067810059
6,82,2.0151278972625732,0,2.4013185501098633,4.482786178588867
6,83,5.455420970916748,0,1.1008292436599731,3.691007137298584
6,84,7.078287124633789,0,0.02956201508641243,7.279080390930176
6,85,4.278308391571045,0,6.453072547912598,10.187888145446777
6,86,8.514487266540527,0,0.921437680721283,7.659365653991699
6,87,4.111583232879639,0,0.5590377449989319,6.91243839263916
6,88,9.587825775146484,0,0.4297798275947571,11.697651863098145
6,89,3.64077091217041,0,0.9699670076370239,3.596914052963257
6,90,8.237415313720703,0,3.533555507659912,9.422327995300293
6,91,4.217090129852295,0,0.12587150931358337,4.445341110229492
6,92,5.100984573364258,0,3.582843065261841,10.667205810546875
6,93,4.379001617431641,0,2.161163568496704,5.449402809143066
6,94,7.8857855796813965,0,0.7137019038200378,11.385454177856445
6,95,2.2528810501098633,1,0.026918334886431694,2.300002098083496
6,96,4.073190689086914,0,1.1197372674942017,5.820380210876465
6,97,6.762731552124023,0,2.8255667686462402,8.097445487976074
6,98,7.218215465545654,0,0.34644678235054016,8.32699966430664
6,99,1.7885375022888184,0,0.001374610816128552,1.796648621559143
6,100,4.260584354400635,1,5.784738540649414,12.6848726272583
6,101,2.7522988319396973,0,0.1867733746767044,3.0935428142547607
6,102,4.851937294006348,0,1.843980073928833,11.66680908203125
6,103,5.501701354980469,0,3.7383923530578613,8.602836608886719
6,104,3.3146886825561523,0,1.5461957454681396,3.1549699306488037
6,105,1.5943821668624878,1,0.13783758878707886,1.7730673551559448
6,106,6.21211576461792,0,2.5606961250305176,8.846996307373047
6,107,4.4225335121154785,0,0.156479150056839,4.814364910125732
6,108,4.491874694824219,0,1.9854902029037476,7.861039638519287
6,109,3.423171043395996,0,2.3009610176086426,5.908710479736328
6,110,4.4670634269714355,0,0.08294796198606491,4.908686637878418
6,111,5.24330472946167,0,0.28267568349838257,5.764651298522949
6,112,4.020610809326172,0,6.563138484954834,6.991469383239746
6,113,13.152874946594238,0,4.297532558441162,16.788591384887695
6,114,4.563398838043213,0,6.986051082611084,10.426117897033691
6,115,13.516580581665039,0,1.348358154296875,18.04840087890625
6,116,7.0287957191467285,0,0.1993240863084793,7.975867748260498
6,117,5.1641621589660645,0,7.121057987213135,9.446245193481445
6,118,6.232065200805664,0,3.207174301147461,7.934665679931641
6,119,11.645658493041992,0,0.10991603881120682,12.3568115234375
6,120,6.805819988250732,0,1.131018877029419,8.014152526855469
6,121,4.889118194580078,0,2.7665677070617676,10.758338928222656
6,122,5.379776477813721,0,7.489838123321533,14.348061561584473
6,123,3.786210060119629,0,0.5189791321754456,4.590095043182373
6,124,9.208993911743164,0,0.0031421834137290716,9.225801467895508
6,125,4.70656681060791,0,1.5493099689483643,5.937157154083252
6,126,7.076868534088135,0,0.838252067565918,9.044255256652832
6,127,7.368884563446045,0,0.9677223563194275,9.322293281555176
6,128,7.718136787414551,0,3.135155202471651e-05,7.718400001525879
6,129,3.8735294342041016,0,0.7353448867797852,4.142876625061035
6,130,3.4222347736358643,0,3.421215534210205,7.21953010559082
6,131,2.9718635082244873,0,5.509029865264893,11.833267211914062
6,132,2.7375388145446777,0,0.0620257668197155,2.797795295715332
6,133,4.543729782104492,0,0.05740601569414139,4.838599681854248
6,134,9.294778823852539,0,0.2532496154308319,10.514768600463867
6,135,7.38083028793335,0,4.09934663772583,8.00388240814209
6,136,5.826046943664551,0,0.0031439659651368856,5.837556838989258
6,137,5.763016700744629,0,5.313488960266113,7.888851165771484
6,138,7.744543075561523,0,0.8215627074241638,8.205205917358398
6,139,10.406143188476562,0,1.622276782989502,8.278554916381836
6,140,7.040676116943359,0,0.0005490464391186833,7.0466227531433105
6,141,6.091505527496338,0,8.34461570775602e-06,6.091565132141113
6,142,6.838327884674072,0,1.3045103549957275,7.2635626792907715
6,143,5.859488487243652,0,4.865432262420654,10.939108848571777
6,144,4.387537956237793,0,0.237242192029953,5.631955146789551
6,145,5.537887096405029,0,2.723947048187256,8.557584762573242
6,146,4.2017822265625,0,5.557088375091553,6.128266334533691
6,147,4.641484260559082,1,4.46843147277832,10.139443397521973
6,148,5.8519062995910645,0,0.10686029493808746,6.52808952331543
6,149,4.12417459487915,0,2.4905147552490234,4.163566589355469
6,150,4.390067100524902,0,1.9345101118087769,4.558807849884033
6,151,5.582057476043701,0,1.4219510555267334,8.600485801696777
6,152,5.6372880935668945,0,0.2430419921875,6.135617733001709
6,153,5.715245723724365,0,0.11955942213535309,6.391425609588623
6,154,7.709531784057617,0,9.70589828491211,14.588396072387695
6,155,7.417010307312012,0,0.5449116826057434,9.612447738647461
6,156,4.568422317504883,0,3.2990994453430176,7.240962028503418
6,157,5.11669921875,0,0.6213722825050354,5.332107067108154
6,158,4.663995265960693,0,2.635923147201538,9.614716529846191
6,159,2.884073257446289,1,0.18132351338863373,3.0814459323883057
6,160,6.350032806396484,0,0.001281870063394308,6.361115455627441
6,161,2.821665048599243,0,6.017701148986816,3.727607250213623
6,162,2.4208195209503174,1,0.3735624849796295,1.6177451610565186
6,163,8.42703628540039,0,0.10138805955648422,9.114667892456055
6,164,6.411632061004639,0,0.15264584124088287,6.878082275390625
6,165,5.989877223968506,0,6.533513069152832,5.711416244506836
6,166,4.33011531829834,0,0.09809592366218567,4.239053726196289
6,167,5.906569004058838,0,1.0009465217590332,1.9429996013641357
6,168,5.8109636306762695,0,3.2375173568725586,11.66517448425293
6,169,5.9091410636901855,0,0.0010698077967390418,5.916836261749268
6,170,9.580132484436035,0,4.9470632802695036e-05,9.58078384399414
6,171,8.241758346557617,0,16.70909881591797,9.722744941711426
6,172,6.02705192565918,0,0.21383658051490784,7.00592565536499
6,173,5.336831569671631,0,0.06208346411585808,5.500704765319824
6,174,11.530860900878906,0,0.21201157569885254,12.564799308776855
6,175,7.801912784576416,0,0.3610285520553589,6.917088508605957
6,176,8.60843563079834,0,0.0018651961581781507,8.623368263244629
6,177,9.18948745727539,0,6.318072337307967e-06,9.189558029174805
6,178,7.391911029815674,0,2.229495048522949,11.402159690856934
6,179,3.685598611831665,0,1.4443926811218262,3.8592236042022705
6,180,8.381490707397461,0,0.358026385307312,10.274927139282227
6,181,5.95134162902832,0,8.485507011413574,9.32021713256836
6,182,10.008197784423828,0,5.070278167724609,12.3823823928833
6,183,3.7685112953186035,0,4.4564361572265625,6.571176052093506
6,184,7.3182220458984375,0,3.1332902908325195,6.306962966918945
6,185,6.829120635986328,0,0.03262607753276825,7.000906944274902
6,186,5.316803455352783,0,0.9603827595710754,6.275369644165039
6,187,4.143434524536133,0,8.391981828026474e-05,4.144158840179443
6,188,3.645679473876953,0,0.5140331387519836,4.805726528167725
6,189,5.031994819641113,0,1.2939486503601074,6.513101100921631
6,190,10.09659481048584,0,0.431351900100708,10.258308410644531
6,191,6.395534992218018,0,5.068857192993164,10.071540832519531
6,192,6.045882701873779,0,0.15577684342861176,6.672884464263916
6,193,7.883307456970215,0,1.5676707029342651,9.485169410705566
6,194,2.921457290649414,1,1.1332290172576904,2.9548370838165283
6,195,7.079758644104004,0,3.984076738357544,8.822283744812012
6,196,6.591397762298584,0,6.618553638458252,13.083596229553223
6,197,3.724154233932495,0,1.432535171508789,5.398266792297363
6,198,3.197503089904785,0,2.387514114379883,3.1987810134887695
6,199,8.975629806518555,0,3.8209733963012695,13.548226356506348
6,200,6.319508075714111,0,0.24010513722896576,6.785221099853516
6,201,3.8471908569335938,0,2.3913283348083496,8.675312995910645
6,202,4.524813652038574,0,0.0027309288270771503,4.532723903656006
6,203,3.4295883178710938,0,0.5938321352005005,4.789036273956299
6,204,3.368311882019043,0,4.99830961227417,8.150430679321289
6,205,3.4393510818481445,1,3.7080092430114746,7.99887752532959
6,206,6.935527801513672,0,0.062035735696554184,7.321089744567871
6,207,3.2462708950042725,0,0.1115388423204422,3.431014060974121
6,208,3.3112633228302,0,3.358069896697998,9.986059188842773
6,209,7.7273077964782715,0,0.000945121340919286,7.735989570617676
6,210,4.662913799285889,0,0.7297653555870056,7.037053108215332
6,211,8.55240535736084,0,3.961345672607422,15.189781188964844
6,212,7.782313346862793,0,0.9944007396697998,8.473268508911133
6,213,3.8131301403045654,0,3.379549980163574,11.400793075561523
6,214,3.715968608856201,0,0.1204061210155487,3.9932098388671875
6,215,8.101733207702637,0,7.259582343976945e-05,8.102535247802734
6,216,5.578592300415039,0,2.6887288093566895,9.245418548583984
6,217,5.967477798461914,0,5.074900150299072,13.841626167297363
6,218,12.7957763671875,0,0.0018962513422593474,12.823028564453125
6,219,3.01253080368042,0,0.4857732653617859,3.015104055404663
6,220,3.5324947834014893,1,0.8843491673469543,1.6179550886154175
6,221,8.094968795776367,0,4.706755638122559,11.336763381958008
6,222,4.004452228546143,0,0.8161483407020569,4.431554794311523
6,223,6.259223937988281,0,4.666249752044678,8.541471481323242
6,224,9.449440002441406,0,0.5609239339828491,13.07402229309082
6,225,11.36792278289795,0,0.006096457596868277,11.435688972473145
6,226,4.785289764404297,0,1.5755317211151123,7.194655418395996
6,227,3.3835866451263428,0,0.15034940838813782,3.7063236236572266
6,228,5.041092395782471,0,0.15346580743789673,5.725272178649902
6,229,10.255900382995605,0,0.008103114552795887,10.330072402954102
6,230,6.128127098083496,0,0.761125922203064,6.841568946838379
6,231,3.584158420562744,0,2.13333797454834,7.799778461456299
6,232,1.3257458209991455,1,15.146291732788086,8.007392883300781
6,233,5.340383529663086,0,19.688024520874023,10.741903305053711
6,234,1.005138635635376,1,7.707849502563477,6.461898326873779
6,235,1.6199352741241455,0,5.445222854614258,8.175323486328125
6,236,2.1089928150177,0,4.182730197906494,4.797269821166992
6,237,2.4354851245880127,0,7.6656646728515625,6.243283271789551
6,238,2.716932535171509,0,0.23771674931049347,3.1564276218414307
6,239,2.2880842685699463,0,2.9060544967651367,4.9549241065979
6,240,7.981338977813721,0,0.8250617980957031,10.361865997314453
6,241,5.334142208099365,0,4.924855709075928,5.76995849609375
6,242,1.4542804956436157,1,0.008373391814529896,1.491267442703247
6,243,6.929929733276367,0,2.6058762073516846,16.776947021484375
6,244,4.948702812194824,0,0.698403000831604,6.620816230773926
6,245,5.994001388549805,0,3.1691794395446777,10.773306846618652
6,246,2.825495958328247,0,1.1823360919952393,5.519337177276611
6,247,3.2535815238952637,0,6.143448829650879,9.665074348449707
6,248,3.811157703399658,0,2.852260112762451,6.230062484741211
6,249,8.158031463623047,0,0.062147434800863266,8.313304901123047
6,250,5.299378395080566,0,0.9494192004203796,7.648073196411133
6,251,3.6312999725341797,0,7.4901933670043945,14.927812576293945
6,252,6.60599946975708,0,3.7045421600341797,14.482542037963867
6,253,6.918008804321289,0,0.9463388323783875,12.254157066345215
6,254,4.968462944030762,0,2.2791085243225098,7.903140068054199
6,255,2.7412045001983643,0,0.5239191651344299,4.274100303649902
6,256,2.701934814453125,1,2.2623307704925537,2.7512362003326416
6,257,2.633175849914551,0,4.390782833099365,12.953757286071777
6,258,4.974912166595459,0,0.3890635669231415,5.898045539855957
6,259,4.783736228942871,0,5.152745723724365,4.169379711151123
6,260,6.547897815704346,0,6.214602470397949,6.686932563781738
6,261,5.433859825134277,0,0.0036139669828116894,5.462697982788086
6,262,7.572673797607422,0,0.0002840353990904987,7.5757975578308105
6,263,8.397743225097656,0,1.6877022981643677,14.998788833618164
6,264,5.628106594085693,0,7.020621299743652,13.217365264892578
6,265,6.487730026245117,0,0.7496405839920044,11.218964576721191
6,266,7.161890506744385,0,0.5865527391433716,9.409981727600098
6,267,2.0232975482940674,0,8.69351863861084,10.281187057495117
6,268,4.973333835601807,0,1.7024751901626587,7.501097679138184
6,269,5.840975284576416,0,0.003714567981660366,5.876811981201172
6,270,3.0674564838409424,1,0.1683708280324936,2.7499308586120605
6,271,5.352231502532959,0,1.1870484352111816,9.161633491516113
6,272,2.561957597732544,1,0.01856732927262783,2.6469621658325195
6,273,8.372512817382812,0,8.705060005187988,13.111474990844727
6,274,11.036225318908691,0,0.00024339574156329036,11.03860092163086
6,275,4.125176906585693,0,1.4187886714935303,7.863367557525635
6,276,2.624969720840454,0,4.3755574226379395,7.113606929779053
6,277,8.260602951049805,0,5.163678169250488,9.287446975708008
6,278,6.2051825523376465,0,0.039141695946455,6.418145656585693
6,279,2.9084901809692383,0,9.357491217087954e-05,2.909287452697754
6,280,6.168375015258789,0,5.005162239074707,11.73985481262207
6,281,8.273473739624023,0,0.007406396325677633,8.336992263793945
6,282,5.706303596496582,0,6.143134117126465,9.967967987060547
6,283,9.479236602783203,0,1.282342791557312,10.222078323364258
6,284,4.134891986846924,0,2.2804417610168457,8.47067642211914
6,285,6.924097537994385,0,0.598645806312561,9.939373016357422
6,286,7.799118995666504,0,4.229323863983154,11.815112113952637
6,287,12.065386772155762,0,0.25784608721733093,13.295736312866211
6,288,3.1716866493225098,0,3.6839780807495117,3.811983585357666
6,289,5.012507438659668,0,1.290588617324829,8.951812744140625
6,290,4.583359718322754,0,1.59939444065094,8.611302375793457
6,291,3.0203518867492676,0,4.055292129516602,8.273859024047852
6,292,6.1747589111328125,0,0.038490138947963715,6.4844560623168945
6,293,4.8646368980407715,0,1.8423999547958374,3.9693808555603027
6,294,13.810592651367188,0,4.323032379150391,17.709014892578125
6,295,7.015909671783447,0,2.0419921875,7.790135383605957
6,296,6.922743320465088,0,4.712988376617432,13.526867866516113
6,297,4.356276512145996,0,1.998591661453247,9.158304214477539
6,298,3.401501178741455,0,2.4469990730285645,6.321924686431885
6,299,5.634020805358887,1,3.3168022632598877,10.419651985168457
6,300,5.648048400878906,0,1.2955663204193115,6.912636756896973
6,301,5.237016677856445,0,3.85705828666687,9.003509521484375
6,302,6.7206807136535645,0,1.6286190748214722,8.083327293395996
6,303,5.037386417388916,0,3.6168036460876465,7.951857089996338
6,304,5.075078964233398,0,0.02110126242041588,5.1444549560546875
6,305,6.2683210372924805,0,6.601405620574951,11.766441345214844
6,306,7.314918518066406,0,2.341296672821045,8.067291259765625
6,307,8.280498504638672,0,0.0032763394992798567,8.300621032714844
6,308,7.888850688934326,0,3.933898824470816e-06,7.888899803161621
6,309,3.856907606124878,0,1.0726191997528076,4.880349159240723
6,310,5.746644496917725,0,7.059665679931641,11.749643325805664
6,311,9.968522071838379,0,0.9872304201126099,11.694210052490234
6,312,8.362290382385254,0,0.0051826415583491325,8.421133995056152
6,313,2.483583450317383,0,1.5648640394210815,6.228590965270996
6,314,4.524502754211426,0,7.265518665313721,6.624374866485596
6,315,7.945585250854492,0,0.003116871230304241,7.977199554443359
6,316,0.03808334469795227,1,2.753696753643453e-05,0.038197703659534454
6,317,0.1303482949733734,1,0.0007493072189390659,0.13424214720726013
6,318,8.203729629516602,0,3.5833740234375,9.987417221069336
6,319,3.571909189224243,0,0.00492217717692256,3.592348098754883
6,320,2.811750650405884,0,1.2423815727233887,3.5612707138061523
6,321,3.2720093727111816,0,5.303560733795166,7.649599075317383
6,322,6.1977620124816895,0,0.005367273930460215,6.223665237426758
6,323,9.92943286895752,0,0.0002401778765488416,9.931978225708008
6,324,5.048091411590576,0,0.5979472398757935,6.085649013519287
6,325,5.9273905754089355,0,1.5392273664474487,8.186214447021484
6,326,11.992908477783203,0,1.07287787614041e-05,11.993103981018066
6,327,16.14021873474121,0,1.0398575067520142,17.183534622192383
6,328,4.526122093200684,0,2.1033546924591064,3.9980967044830322
6,329,4.993849277496338,0,0.1940934956073761,5.727951526641846
6,330,6.191959857940674,0,5.844607830047607,8.736908912658691
6,331,3.639901638031006,1,0.7401415109634399,2.789611339569092
6,332,5.491221904754639,0,0.18209895491600037,5.957864761352539
6,333,7.815253734588623,0,0.00788823701441288,7.898298740386963
6,334,5.4847612380981445,0,0.06594094634056091,5.890584468841553
6,335,5.897439956665039,0,3.8679184913635254,10.037321090698242
6,336,4.396904468536377,0,0.2705767750740051,5.124565124511719
6,337,4.826505661010742,0,1.648449182510376,7.214068412780762
6,338,4.71227502822876,0,0.8583298325538635,5.525210380554199
6,339,3.531496524810791,0,0.7698118686676025,4.988002777099609
6,340,2.466506242752075,1,5.599605083465576,10.877277374267578
6,341,6.378915309906006,0,5.527663230895996,11.658722877502441
6,342,7.664090156555176,0,0.9273377656936646,12.814165115356445
6,343,4.0768938064575195,0,2.1543164253234863,6.009634017944336
6,344,4.130087852478027,0,4.788870334625244,12.619296073913574
6,345,4.664251804351807,0,3.688570261001587,7.747844219207764
6,346,5.243988990783691,0,0.8771226406097412,8.96558666229248
6,347,4.718712329864502,0,1.1178045272827148,4.865497589111328
6,348,2.7343671321868896,0,1.7050038576126099,3.2848048210144043
6,349,3.9184823036193848,0,10.87682056427002,11.445287704467773
6,350,7.411837100982666,0,1.0918142795562744,8.403858184814453
6,351,11.73501205444336,0,0.010764390230178833,11.815765380859375
6,352,5.9310994148254395,0,2.6940935640595853e-05,5.931375503540039
6,353,2.447072744369507,0,0.8072276711463928,3.1762142181396484
6,354,14.593517303466797,0,2.9906864166259766,19.995750427246094
6,355,2.7119691371917725,0,0.9135451316833496,5.131721496582031
6,356,5.886277675628662,0,2.360612392425537,9.989578247070312
6,357,3.217958688735962,0,6.56953763961792,6.775197982788086
6,358,2.1093597412109375,0,9.464306831359863,12.247217178344727
6,359,14.505005836486816,0,0.0013047285610809922,14.52115249633789
6,360,4.413918972015381,0,1.912858247756958,2.7482810020446777
6,361,5.925544738769531,0,0.6711291670799255,8.326213836669922
6,362,6.2434468269348145,0,4.889853000640869,8.94422721862793
6,363,4.191262722015381,0,2.5256142616271973,10.395273208618164
6,364,3.5790066719055176,0,0.8392577171325684,4.926281452178955
6,365,9.580920219421387,0,0.0465070977807045,9.931173324584961
6,366,8.254474639892578,0,0.0006741396500729024,8.261580467224121
6,367,8.408106803894043,0,1.3232143828645349e-05,8.408283233642578
6,368,3.990934133529663,0,1.4288079738616943,5.338406085968018
6,369,3.74407696723938,0,7.747554302215576,9.250577926635742
6,370,3.7577569484710693,0,0.7197731733322144,4.190677642822266
6,371,5.696678161621094,0,4.831545829772949,11.330663681030273
6,372,5.584975242614746,0,0.06796614080667496,5.859562873840332
6,373,3.7287189960479736,0,0.3998803198337555,3.7726051807403564
6,374,6.430164813995361,0,2.2902116775512695,9.05709457397461
6,375,3.2249152660369873,0,0.970079779624939,4.233247756958008
6,376,4.38969612121582,0,3.750481367111206,10.508610725402832
6,377,4.440676689147949,0,7.029451847076416,6.773359775543213
6,378,2.735664129257202,1,9.610668182373047,12.411349296569824
6,379,6.514310836791992,0,0.005363479256629944,6.544638633728027
6,380,7.187609672546387,0,1.7963327169418335,13.224678039550781
6,381,5.595773696899414,0,5.084146499633789,8.216632843017578
6,382,3.7065770626068115,1,2.556525945663452,7.345606327056885
6,383,4.357839584350586,0,0.39962878823280334,5.5657219886779785
6,384,3.009368896484375,0,2.1423192024230957,6.590092658996582
6,385,3.4433093070983887,0,3.868069887161255,7.30900764465332
6,386,3.635079860687256,0,0.34916672110557556,4.595834255218506
6,387,7.221081256866455,0,1.5598567724227905,5.2790846824646
6,388,5.655186653137207,0,3.1424365043640137,10.968109130859375
6,389,10.814813613891602,0,0.0005845506675541401,10.821335792541504
6,390,6.21905517578125,0,1.3334885835647583,7.486573219299316
6,391,12.4576997756958,0,2.2264175415039062,17.53858184814453
6,392,2.1410789489746094,0,0.10412190109491348,2.0164794921875
6,393,5.976076602935791,0,3.5858893394470215,12.88769817352295
6,394,8.246077537536621,0,9.345571743324399e-05,8.247303009033203
6,395,5.756811618804932,0,2.2395529747009277,5.49658203125
6,396,7.096152305603027,0,3.520075559616089,9.772909164428711
6,397,8.719218254089355,0,0.4922291338443756,10.07314395904541
6,398,4.741108417510986,0,4.210951805114746,9.814488410949707
6,399,3.4334473609924316,0,2.9682424068450928,4.826189041137695
6,400,5.813741207122803,0,1.7444233894348145,7.4190521240234375
6,401,7.024795055389404,0,1.2711290121078491,10.399195671081543
6,402,3.832441568374634,0,1.094876766204834,4.832771301269531
6,403,2.9723498821258545,0,7.1149163246154785,10.409518241882324
6,404,3.069746494293213,0,0.00040797016117721796,3.071087598800659
6,405,3.0283825397491455,1,0.8279762864112854,1.879438042640686
6,406,6.528668403625488,0,1.6921415328979492,8.116103172302246
6,407,8.125509262084961,0,0.05477137491106987,8.329381942749023
6,408,3.231746196746826,0,6.8648762702941895,5.216864585876465
6,409,9.321924209594727,0,11.39039421081543,10.757240295410156
6,410,5.702907085418701,0,0.015823278576135635,5.823367118835449
6,411,2.6266021728515625,1,13.050107955932617,13.952577590942383
6,412,4.80139684677124,0,0.5772030353546143,4.0834856033325195
6,413,7.776197910308838,0,0.1641290932893753,7.818455696105957
6,414,4.058541297912598,0,0.7647269368171692,6.244410514831543
6,415,2.81654691696167,0,2.1621856689453125,4.478945255279541
6,416,2.9831783771514893,0,3.532726526260376,10.003387451171875
6,417,4.171011447906494,0,0.25127556920051575,4.6272501945495605
6,418,8.064544677734375,0,1.364576816558838,12.266091346740723
6,419,3.7648301124572754,0,3.4742183685302734,4.97846794128418
6,420,5.724261283874512,0,0.8260712623596191,8.541206359863281
6,421,7.743027687072754,0,0.11554405838251114,8.320144653320312
6,422,3.3871994018554688,0,1.2907267808914185,5.879772663116455
6,423,10.635079383850098,0,4.588376522064209,15.432462692260742
6,424,7.997611999511719,0,2.4647982120513916,8.12069034576416
6,425,3.7029035091400146,0,0.7618798613548279,3.596060276031494
6,426,6.190855503082275,0,3.7464075088500977,5.943600654602051
6,427,4.252774715423584,0,8.183578491210938,11.620870590209961
6,428,6.992225646972656,0,0.6351244449615479,9.23642635345459
6,429,5.88006067276001,0,0.44616708159446716,6.73918342590332
6,430,6.073376655578613,0,3.2365386486053467,11.215896606445312
6,431,4.726717948913574,0,1.5734834671020508,6.10933780670166
6,432,4.650125026702881,0,1.3974337577819824,2.1653048992156982
6,433,6.665277004241943,0,0.13128848373889923,7.217507362365723
6,434,6.075894832611084,0,0.3611535131931305,7.387578964233398
6,435,5.613314628601074,0,6.774371147155762,10.808675765991211
6,436,4.312827110290527,0,2.1899185180664062,5.036829948425293
6,437,4.311159610748291,1,1.953728437423706,7.768605709075928
6,438,4.998505592346191,0,0.03048875369131565,5.105774402618408
6,439,2.742499828338623,0,0.0644277036190033,3.1074626445770264
6,440,10.533987998962402,0,0.007046490907669067,10.589832305908203
6,441,6.731905937194824,0,0.021817434579133987,6.857084274291992
6,442,2.6705358028411865,1,0.000967153930105269,2.674309015274048
6,443,7.8553853034973145,0,1.0731356143951416,10.580742835998535
6,444,5.868503570556641,0,0.0007961202645674348,5.875117301940918
6,445,5.967494010925293,0,4.0531076592742465e-06,5.967536449432373
6,446,2.9304492473602295,1,0.7559821009635925,3.006917715072632
6,447,14.2984037399292,0,1.2032595872879028,18.258155822753906
6,448,3.3048295974731445,0,1.7342296838760376,4.432344436645508
6,449,2.2865560054779053,1,0.3770851492881775,2.7107653617858887
6,450,5.867467403411865,0,1.9175993204116821,7.757062911987305
6,451,5.617679119110107,0,2.7703938484191895,10.298013687133789
6,452,3.426748752593994,1,1.4869157075881958,3.9735352993011475
6,453,6.181711196899414,0,2.011265993118286,9.89760971069336
6,454,3.9819130897521973,0,0.9112138748168945,6.477555751800537
6,455,7.917798042297363,0,5.191100120544434,12.55181884765625
6,456,1.716552495956421,1,0.1256536990404129,1.7956949472427368
6,457,13.633586883544922,0,5.859972953796387,18.66154670715332
6,458,8.059810638427734,0,0.035358067601919174,8.331926345825195
6,459,7.278429985046387,0,0.014843967743217945,7.399148464202881
6,460,3.6426796913146973,0,1.6469204425811768,5.622153282165527
6,461,3.758091449737549,0,1.4773223400115967,6.028071403503418
6,462,2.8610873222351074,0,0.453647643327713,4.084838390350342
6,463,3.3298165798187256,1,3.3139591217041016,11.006782531738281
6,464,4.14642333984375,0,0.5742926597595215,2.903346300125122
6,465,4.791378498077393,0,3.49896502494812,6.427826881408691
6,466,7.168625831604004,0,0.0034039432648569345,7.196728229522705
6,467,10.751347541809082,0,0.6736603379249573,14.772502899169922
6,468,8.120835304260254,0,0.003510861424729228,8.140218734741211
6,469,6.49722146987915,0,2.5269367694854736,6.034331321716309
6,470,6.116616725921631,0,1.551473617553711,10.790011405944824
6,471,13.199641227722168,0,0.20348431169986725,14.66344928741455
6,472,5.188083648681641,0,2.15665864944458,9.804508209228516
6,473,6.10629940032959,0,0.45002901554107666,8.75094985961914
6,474,8.263504981994629,0,1.9263432025909424,10.439424514770508
6,475,3.950892925262451,0,1.163297176361084,3.910771369934082
6,476,4.517902851104736,1,2.488278388977051,10.427287101745605
6,477,11.535481452941895,0,0.00016032364510465413,11.537333488464355
6,478,3.7120871543884277,0,1.1432297229766846,4.27101469039917
6,479,4.482137680053711,0,1.5802276134490967,8.913542747497559
6,480,6.250032901763916,0,15.540862083435059,10.95999526977539
6,481,3.0663950443267822,0,21.19447135925293,14.791751861572266
6,482,1.3917269706726074,0,4.4957051277160645,5.875258445739746
6,483,2.6374192237854004,0,8.807158470153809,10.521955490112305
6,484,2.5949459075927734,0,1.677470088005066,3.412278413772583
6,485,4.514095783233643,1,11.497663497924805,9.211892127990723
6,486,5.532594203948975,0,3.579343795776367,8.803818702697754
6,487,2.9268832206726074,1,8.042964935302734,11.816502571105957
6,488,3.2782671451568604,0,0.18360435962677002,3.7275795936584473
6,489,4.388330459594727,0,8.657573699951172,10.914278030395508
6,490,5.166773796081543,0,3.9964194297790527,3.428360939025879
6,491,6.048432350158691,0,2.7213211059570312,13.328052520751953
6,492,6.643491268157959,0,0.04146353527903557,6.822352409362793
6,493,5.236659049987793,0,5.969820976257324,10.943806648254395
6,494,3.496516704559326,0,11.21026611328125,9.762516975402832
6,495,5.124438285827637,0,0.33293628692626953,6.088828086853027
6,496,8.953214645385742,0,0.01470959186553955,9.05154037475586
6,497,12.249387741088867,0,1.7051897048950195,12.135894775390625
6,498,10.367339134216309,0,0.18522776663303375,11.648993492126465
6,499,5.331539154052734,0,3.936441659927368,8.349387168884277
6,500,4.338441848754883,0,1.2506924867630005,10.609813690185547
6,501,3.9100499153137207,0,5.0630903244018555,9.890413284301758
6,502,5.614011764526367,0,2.5931527614593506,7.884362697601318
6,503,7.168426513671875,0,1.1979957818984985,11.23554515838623
6,504,2.9470019340515137,1,2.10663104057312,5.952467441558838
6,505,8.41971206665039,0,0.12712794542312622,9.292487144470215
6,506,4.819878101348877,0,0.07822632789611816,5.273192405700684
6,507,2.505129098892212,1,0.48456382751464844,2.510038137435913
6,508,13.763860702514648,0,2.8905391693115234,15.621346473693848
6,509,8.721851348876953,0,0.10118100792169571,9.228041648864746
6,510,5.725117206573486,0,6.932881832122803,6.662541389465332
6,511,3.430882453918457,0,5.464907646179199,13.521342277526855
